pincode,month,bio_child,bio_adult,bio_total,demo_child,demo_adult,demo_total,enrol_infant,enrol_child,enrol_adult,enrol_total
400601,2025-03,0.0,0.0,0.0,99.0,1058.0,1157.0,0.0,0.0,0.0,0.0
400601,2025-04,393.0,831.0,1224.0,104.0,783.0,887.0,0.0,0.0,0.0,0.0
400601,2025-05,575.0,1122.0,1697.0,0.0,0.0,0.0,80.0,30.0,14.0,124.0
400601,2025-06,165.0,670.0,835.0,0.0,0.0,0.0,45.0,31.0,1.0,77.0
400601,2025-07,407.0,912.0,1319.0,0.0,0.0,0.0,0.0,0.0,0.0,0.0
400601,2025-08,230.0,711.0,941.0,0.0,0.0,0.0,0.0,0.0,0.0,0.0
400601,2025-09,704.0,979.0,1683.0,62.0,602.0,664.0,108.0,48.0,2.0,158.0
400601,2025-10,521.0,794.0,1315.0,63.0,458.0,521.0,76.0,15.0,1.0,92.0
400601,2025-11,1096.0,1655.0,2751.0,93.0,1323.0,1416.0,170.0,17.0,1.0,188.0
400601,2025-12,1240.0,1405.0,2645.0,92.0,1111.0,1203.0,65.0,11.0,2.0,78.0
400601,2026-01,83.0,127.0,210.0,7.0,84.0,91.0,25.0,6.0,2.0,33.0
400602,2025-03,0.0,0.0,0.0,27.0,467.0,494.0,0.0,0.0,0.0,0.0
400602,2025-04,107.0,254.0,361.0,0.0,0.0,0.0,0.0,0.0,0.0,0.0
400602,2025-05,158.0,352.0,510.0,0.0,0.0,0.0,0.0,0.0,0.0,0.0
400602,2025-06,63.0,215.0,278.0,0.0,0.0,0.0,9.0,6.0,0.0,15.0
400602,2025-07,53.0,233.0,286.0,0.0,0.0,0.0,0.0,0.0,0.0,0.0
400602,2025-08,99.0,247.0,346.0,0.0,0.0,0.0,0.0,0.0,0.0,0.0
400602,2025-09,280.0,282.0,562.0,21.0,201.0,222.0,27.0,9.0,0.0,36.0
400602,2025-10,142.0,235.0,377.0,11.0,160.0,171.0,16.0,3.0,0.0,19.0
400602,2025-11,248.0,401.0,649.0,20.0,492.0,512.0,33.0,5.0,0.0,38.0
400602,2025-12,269.0,418.0,687.0,16.0,359.0,375.0,17.0,0.0,7.0,24.0
400602,2026-01,44.0,42.0,86.0,2.0,26.0,28.0,4.0,0.0,1.0,5.0
400603,2025-03,168.0,564.0,732.0,15.0,254.0,269.0,0.0,0.0,0.0,0.0
400603,2025-04,133.0,290.0,423.0,0.0,0.0,0.0,0.0,0.0,0.0,0.0
400603,2025-05,368.0,747.0,1115.0,0.0,0.0,0.0,0.0,0.0,0.0,0.0
400603,2025-06,84.0,284.0,368.0,0.0,0.0,0.0,11.0,9.0,1.0,21.0
400603,2025-07,101.0,300.0,401.0,0.0,0.0,0.0,0.0,0.0,0.0,0.0
400603,2025-08,46.0,123.0,169.0,0.0,0.0,0.0,0.0,0.0,0.0,0.0
400603,2025-09,370.0,411.0,781.0,10.0,153.0,163.0,20.0,10.0,0.0,30.0
400603,2025-10,212.0,331.0,543.0,9.0,93.0,102.0,19.0,1.0,0.0,20.0
400603,2025-11,208.0,534.0,742.0,18.0,306.0,324.0,23.0,4.0,0.0,27.0
400603,2025-12,226.0,398.0,624.0,17.0,297.0,314.0,13.0,4.0,0.0,17.0
400603,2026-01,29.0,41.0,70.0,0.0,13.0,13.0,1.0,0.0,1.0,2.0
400604,2025-03,513.0,1404.0,1917.0,156.0,1503.0,1659.0,0.0,0.0,0.0,0.0
400604,2025-04,583.0,1070.0,1653.0,0.0,0.0,0.0,0.0,0.0,0.0,0.0
400604,2025-05,757.0,1767.0,2524.0,0.0,0.0,0.0,0.0,0.0,0.0,0.0
400604,2025-06,586.0,1416.0,2002.0,0.0,0.0,0.0,195.0,152.0,12.0,359.0
400604,2025-07,533.0,1517.0,2050.0,0.0,0.0,0.0,0.0,0.0,0.0,0.0
400604,2025-08,485.0,1142.0,1627.0,0.0,0.0,0.0,0.0,0.0,0.0,0.0
400604,2025-09,1364.0,910.0,2274.0,89.0,603.0,692.0,127.0,53.0,0.0,180.0
400604,2025-10,1273.0,1632.0,2905.0,64.0,551.0,615.0,100.0,22.0,1.0,123.0
400604,2025-11,1905.0,2992.0,4897.0,124.0,1592.0,1716.0,166.0,50.0,1.0,217.0
400604,2025-12,2019.0,2807.0,4826.0,115.0,1520.0,1635.0,83.0,15.0,28.0,126.0
400604,2026-01,59.0,92.0,151.0,22.0,129.0,151.0,23.0,4.0,0.0,27.0
400605,2025-03,794.0,2128.0,2922.0,157.0,1407.0,1564.0,0.0,0.0,0.0,0.0
400605,2025-04,1068.0,2086.0,3154.0,0.0,0.0,0.0,0.0,0.0,0.0,0.0
400605,2025-05,764.0,1631.0,2395.0,116.0,1111.0,1227.0,0.0,0.0,0.0,0.0
400605,2025-06,437.0,1255.0,1692.0,0.0,0.0,0.0,42.0,45.0,0.0,87.0
400605,2025-07,683.0,1567.0,2250.0,0.0,0.0,0.0,0.0,0.0,0.0,0.0
400605,2025-08,477.0,1118.0,1595.0,0.0,0.0,0.0,0.0,0.0,0.0,0.0
400605,2025-09,897.0,897.0,1794.0,106.0,718.0,824.0,93.0,76.0,0.0,169.0
400605,2025-10,1059.0,1282.0,2341.0,80.0,603.0,683.0,65.0,28.0,2.0,95.0
400605,2025-11,1430.0,2057.0,3487.0,127.0,1557.0,1684.0,141.0,33.0,1.0,175.0
400605,2025-12,1024.0,1555.0,2579.0,134.0,1452.0,1586.0,73.0,15.0,6.0,94.0
400605,2026-01,33.0,50.0,83.0,16.0,117.0,133.0,18.0,13.0,0.0,31.0
400606,2025-03,584.0,1680.0,2264.0,102.0,1021.0,1123.0,0.0,0.0,0.0,0.0
400606,2025-04,417.0,757.0,1174.0,0.0,0.0,0.0,0.0,0.0,0.0,0.0
400606,2025-05,250.0,551.0,801.0,0.0,0.0,0.0,0.0,0.0,0.0,0.0
400606,2025-06,307.0,1007.0,1314.0,0.0,0.0,0.0,42.0,34.0,1.0,77.0
400606,2025-07,283.0,898.0,1181.0,106.0,855.0,961.0,0.0,0.0,0.0,0.0
400606,2025-08,249.0,662.0,911.0,0.0,0.0,0.0,0.0,0.0,0.0,0.0
400606,2025-09,1325.0,1093.0,2418.0,70.0,441.0,511.0,70.0,31.0,1.0,102.0
400606,2025-10,794.0,976.0,1770.0,37.0,338.0,375.0,60.0,23.0,0.0,83.0
400606,2025-11,1147.0,1799.0,2946.0,95.0,1157.0,1252.0,115.0,20.0,1.0,136.0
400606,2025-12,1074.0,1712.0,2786.0,76.0,987.0,1063.0,55.0,3.0,12.0,70.0
400606,2026-01,87.0,151.0,238.0,7.0,64.0,71.0,15.0,3.0,0.0,18.0
400607,2025-03,295.0,581.0,876.0,121.0,1083.0,1204.0,0.0,0.0,0.0,0.0
400607,2025-04,310.0,604.0,914.0,0.0,0.0,0.0,84.0,22.0,22.0,128.0
400607,2025-05,425.0,804.0,1229.0,0.0,0.0,0.0,0.0,0.0,0.0,0.0
400607,2025-06,205.0,611.0,816.0,121.0,918.0,1039.0,42.0,26.0,2.0,70.0
400607,2025-07,212.0,534.0,746.0,0.0,0.0,0.0,0.0,0.0,0.0,0.0
400607,2025-08,296.0,622.0,918.0,0.0,0.0,0.0,0.0,0.0,0.0,0.0
400607,2025-09,1203.0,981.0,2184.0,98.0,588.0,686.0,113.0,34.0,3.0,150.0
400607,2025-10,857.0,781.0,1638.0,61.0,462.0,523.0,85.0,11.0,1.0,97.0
400607,2025-11,788.0,796.0,1584.0,122.0,1280.0,1402.0,100.0,30.0,0.0,130.0
400607,2025-12,483.0,638.0,1121.0,99.0,1157.0,1256.0,52.0,14.0,14.0,80.0
400607,2026-01,90.0,74.0,164.0,11.0,89.0,100.0,11.0,3.0,0.0,14.0
400608,2025-03,30.0,92.0,122.0,30.0,298.0,328.0,0.0,0.0,0.0,0.0
400608,2025-04,56.0,91.0,147.0,0.0,0.0,0.0,0.0,0.0,0.0,0.0
400608,2025-05,129.0,279.0,408.0,0.0,0.0,0.0,0.0,0.0,0.0,0.0
400608,2025-06,42.0,122.0,164.0,0.0,0.0,0.0,7.0,2.0,3.0,12.0
400608,2025-07,43.0,101.0,144.0,0.0,0.0,0.0,0.0,0.0,0.0,0.0
400608,2025-08,47.0,79.0,126.0,0.0,0.0,0.0,0.0,0.0,0.0,0.0
400608,2025-09,127.0,136.0,263.0,12.0,149.0,161.0,13.0,5.0,2.0,20.0
400608,2025-10,163.0,148.0,311.0,15.0,132.0,147.0,15.0,2.0,0.0,17.0
400608,2025-11,133.0,160.0,293.0,29.0,386.0,415.0,32.0,3.0,1.0,36.0
400608,2025-12,94.0,202.0,296.0,23.0,367.0,390.0,12.0,1.0,6.0,19.0
400608,2026-01,23.0,20.0,43.0,3.0,18.0,21.0,10.0,0.0,0.0,10.0
400610,2025-03,0.0,0.0,0.0,50.0,443.0,493.0,0.0,0.0,0.0,0.0
400610,2025-04,136.0,299.0,435.0,0.0,0.0,0.0,0.0,0.0,0.0,0.0
400610,2025-05,415.0,671.0,1086.0,0.0,0.0,0.0,0.0,0.0,0.0,0.0
400610,2025-06,108.0,377.0,485.0,0.0,0.0,0.0,12.0,11.0,0.0,23.0
400610,2025-07,150.0,250.0,400.0,0.0,0.0,0.0,0.0,0.0,0.0,0.0
400610,2025-08,125.0,236.0,361.0,0.0,0.0,0.0,0.0,0.0,0.0,0.0
400610,2025-09,285.0,250.0,535.0,21.0,234.0,255.0,25.0,10.0,1.0,36.0
400610,2025-10,357.0,329.0,686.0,28.0,180.0,208.0,22.0,5.0,0.0,27.0
400610,2025-11,477.0,367.0,844.0,48.0,462.0,510.0,44.0,8.0,1.0,53.0
400610,2025-12,205.0,358.0,563.0,39.0,442.0,481.0,21.0,3.0,11.0,35.0
400610,2026-01,44.0,81.0,125.0,4.0,43.0,47.0,6.0,0.0,0.0,6.0
400612,2025-03,1384.0,3636.0,5020.0,447.0,3557.0,4004.0,0.0,0.0,0.0,0.0
400612,2025-04,3086.0,5468.0,8554.0,611.0,3624.0,4235.0,398.0,163.0,29.0,590.0
400612,2025-05,2301.0,4110.0,6411.0,683.0,3895.0,4578.0,381.0,264.0,17.0,662.0
400612,2025-06,866.0,2345.0,3211.0,611.0,3578.0,4189.0,544.0,629.0,37.0,1210.0
400612,2025-07,1492.0,3242.0,4734.0,799.0,4745.0,5544.0,723.0,690.0,15.0,1428.0
400612,2025-08,1688.0,3112.0,4800.0,0.0,0.0,0.0,0.0,0.0,0.0,0.0
400612,2025-09,2925.0,3041.0,5966.0,428.0,2370.0,2798.0,379.0,297.0,0.0,676.0
400612,2025-10,2245.0,3656.0,5901.0,294.0,1998.0,2292.0,236.0,124.0,6.0,366.0
400612,2025-11,2413.0,4613.0,7026.0,619.0,5272.0,5891.0,381.0,148.0,5.0,534.0
400612,2025-12,3485.0,5718.0,9203.0,725.0,5502.0,6227.0,262.0,73.0,4.0,339.0
400612,2026-01,371.0,726.0,1097.0,43.0,401.0,444.0,104.0,40.0,11.0,155.0
400614,2025-03,103.0,238.0,341.0,23.0,332.0,355.0,0.0,0.0,0.0,0.0
400614,2025-04,130.0,214.0,344.0,0.0,0.0,0.0,0.0,0.0,0.0,0.0
400614,2025-05,323.0,531.0,854.0,0.0,0.0,0.0,0.0,0.0,0.0,0.0
400614,2025-06,96.0,224.0,320.0,0.0,0.0,0.0,10.0,8.0,0.0,18.0
400614,2025-07,160.0,144.0,304.0,0.0,0.0,0.0,0.0,0.0,0.0,0.0
400614,2025-08,90.0,138.0,228.0,0.0,0.0,0.0,0.0,0.0,0.0,0.0
400614,2025-09,204.0,219.0,423.0,28.0,165.0,193.0,42.0,9.0,1.0,52.0
400614,2025-10,170.0,225.0,395.0,16.0,144.0,160.0,19.0,1.0,0.0,20.0
400614,2025-11,243.0,215.0,458.0,22.0,345.0,367.0,21.0,9.0,0.0,30.0
400614,2025-12,179.0,223.0,402.0,37.0,358.0,395.0,26.0,4.0,0.0,30.0
400614,2026-01,20.0,12.0,32.0,4.0,28.0,32.0,3.0,1.0,3.0,7.0
400615,2025-03,155.0,579.0,734.0,99.0,966.0,1065.0,0.0,0.0,0.0,0.0
400615,2025-04,352.0,912.0,1264.0,0.0,0.0,0.0,0.0,0.0,0.0,0.0
400615,2025-05,395.0,880.0,1275.0,0.0,0.0,0.0,0.0,0.0,0.0,0.0
400615,2025-06,226.0,666.0,892.0,0.0,0.0,0.0,18.0,20.0,2.0,40.0
400615,2025-07,204.0,582.0,786.0,0.0,0.0,0.0,0.0,0.0,0.0,0.0
400615,2025-08,209.0,551.0,760.0,0.0,0.0,0.0,0.0,0.0,0.0,0.0
400615,2025-09,298.0,560.0,858.0,45.0,540.0,585.0,74.0,34.0,0.0,108.0
400615,2025-10,318.0,643.0,961.0,50.0,415.0,465.0,62.0,16.0,0.0,78.0
400615,2025-11,523.0,709.0,1232.0,92.0,999.0,1091.0,87.0,27.0,1.0,115.0
400615,2025-12,354.0,609.0,963.0,89.0,1062.0,1151.0,40.0,6.0,0.0,46.0
400615,2026-01,59.0,75.0,134.0,9.0,69.0,78.0,12.0,6.0,0.0,18.0
400701,2025-03,548.0,1392.0,1940.0,105.0,1181.0,1286.0,0.0,0.0,0.0,0.0
400701,2025-05,518.0,915.0,1433.0,0.0,0.0,0.0,0.0,0.0,0.0,0.0
400701,2025-06,290.0,595.0,885.0,0.0,0.0,0.0,143.0,102.0,17.0,262.0
400701,2025-07,418.0,638.0,1056.0,0.0,0.0,0.0,0.0,0.0,0.0,0.0
400701,2025-08,325.0,635.0,960.0,0.0,0.0,0.0,0.0,0.0,0.0,0.0
400701,2025-09,1000.0,852.0,1852.0,73.0,490.0,563.0,87.0,42.0,1.0,130.0
400701,2025-10,520.0,737.0,1257.0,64.0,450.0,514.0,76.0,19.0,1.0,96.0
400701,2025-11,662.0,1075.0,1737.0,109.0,1168.0,1277.0,100.0,33.0,1.0,134.0
400701,2025-12,915.0,1025.0,1940.0,117.0,1169.0,1286.0,68.0,21.0,0.0,89.0
400701,2026-01,135.0,195.0,330.0,13.0,85.0,98.0,24.0,9.0,0.0,33.0
400703,2025-03,524.0,960.0,1484.0,70.0,842.0,912.0,0.0,0.0,0.0,0.0
400703,2025-05,489.0,627.0,1116.0,0.0,0.0,0.0,0.0,0.0,0.0,0.0
400703,2025-06,380.0,667.0,1047.0,0.0,0.0,0.0,72.0,61.0,32.0,165.0
400703,2025-07,439.0,621.0,1060.0,0.0,0.0,0.0,0.0,0.0,0.0,0.0
400703,2025-08,314.0,440.0,754.0,0.0,0.0,0.0,0.0,0.0,0.0,0.0
400703,2025-09,1476.0,815.0,2291.0,78.0,426.0,504.0,66.0,18.0,1.0,85.0
400703,2025-10,575.0,468.0,1043.0,36.0,302.0,338.0,77.0,8.0,1.0,86.0
400703,2025-11,815.0,784.0,1599.0,91.0,862.0,953.0,84.0,18.0,1.0,103.0
400703,2025-12,580.0,767.0,1347.0,90.0,966.0,1056.0,48.0,9.0,2.0,59.0
400703,2026-01,53.0,55.0,108.0,7.0,59.0,66.0,11.0,4.0,0.0,15.0
400705,2025-03,156.0,482.0,638.0,44.0,685.0,729.0,0.0,0.0,0.0,0.0
400705,2025-04,172.0,418.0,590.0,0.0,0.0,0.0,0.0,0.0,0.0,0.0
400705,2025-05,494.0,1018.0,1512.0,0.0,0.0,0.0,0.0,0.0,0.0,0.0
400705,2025-06,92.0,294.0,386.0,0.0,0.0,0.0,77.0,55.0,11.0,143.0
400705,2025-07,284.0,420.0,704.0,0.0,0.0,0.0,0.0,0.0,0.0,0.0
400705,2025-08,165.0,300.0,465.0,0.0,0.0,0.0,0.0,0.0,0.0,0.0
400705,2025-09,494.0,422.0,916.0,36.0,368.0,404.0,75.0,22.0,0.0,97.0
400705,2025-10,292.0,524.0,816.0,34.0,303.0,337.0,49.0,17.0,0.0,66.0
400705,2025-11,351.0,602.0,953.0,44.0,872.0,916.0,69.0,19.0,0.0,88.0
400705,2025-12,372.0,552.0,924.0,71.0,924.0,995.0,47.0,11.0,1.0,59.0
400705,2026-01,39.0,51.0,90.0,6.0,59.0,65.0,12.0,2.0,0.0,14.0
400706,2025-03,361.0,814.0,1175.0,130.0,1399.0,1529.0,0.0,0.0,0.0,0.0
400706,2025-04,692.0,1410.0,2102.0,0.0,0.0,0.0,0.0,0.0,0.0,0.0
400706,2025-05,92.0,167.0,259.0,145.0,1161.0,1306.0,0.0,0.0,0.0,0.0
400706,2025-06,375.0,656.0,1031.0,150.0,1234.0,1384.0,128.0,68.0,30.0,226.0
400706,2025-07,563.0,882.0,1445.0,0.0,0.0,0.0,0.0,0.0,0.0,0.0
400706,2025-08,388.0,536.0,924.0,0.0,0.0,0.0,0.0,0.0,0.0,0.0
400706,2025-09,1249.0,771.0,2020.0,88.0,663.0,751.0,118.0,38.0,1.0,157.0
400706,2025-10,851.0,1021.0,1872.0,71.0,554.0,625.0,101.0,8.0,1.0,110.0
400706,2025-11,1007.0,909.0,1916.0,149.0,1423.0,1572.0,145.0,21.0,0.0,166.0
400706,2025-12,741.0,847.0,1588.0,170.0,1608.0,1778.0,98.0,16.0,2.0,116.0
400706,2026-01,144.0,120.0,264.0,23.0,111.0,134.0,26.0,5.0,1.0,32.0
400708,2025-03,746.0,2066.0,2812.0,131.0,1281.0,1412.0,0.0,0.0,0.0,0.0
400708,2025-04,938.0,1718.0,2656.0,0.0,0.0,0.0,0.0,0.0,0.0,0.0
400708,2025-05,683.0,1253.0,1936.0,131.0,1055.0,1186.0,0.0,0.0,0.0,0.0
400708,2025-06,520.0,1289.0,1809.0,0.0,0.0,0.0,244.0,140.0,14.0,398.0
400708,2025-07,509.0,1008.0,1517.0,0.0,0.0,0.0,0.0,0.0,0.0,0.0
400708,2025-08,447.0,889.0,1336.0,0.0,0.0,0.0,0.0,0.0,0.0,0.0
400708,2025-09,790.0,858.0,1648.0,100.0,715.0,815.0,96.0,53.0,0.0,149.0
400708,2025-10,819.0,1127.0,1946.0,63.0,495.0,558.0,100.0,34.0,1.0,135.0
400708,2025-11,1492.0,1395.0,2887.0,113.0,1423.0,1536.0,122.0,35.0,1.0,158.0
400708,2025-12,799.0,1129.0,1928.0,127.0,1436.0,1563.0,93.0,21.0,3.0,117.0
400708,2026-01,93.0,130.0,223.0,14.0,107.0,121.0,29.0,8.0,0.0,37.0
400709,2025-03,0.0,0.0,0.0,97.0,1106.0,1203.0,0.0,0.0,0.0,0.0
400709,2025-04,744.0,1296.0,2040.0,0.0,0.0,0.0,0.0,0.0,0.0,0.0
400709,2025-05,514.0,825.0,1339.0,0.0,0.0,0.0,0.0,0.0,0.0,0.0
400709,2025-06,321.0,670.0,991.0,0.0,0.0,0.0,129.0,69.0,12.0,210.0
400709,2025-07,418.0,701.0,1119.0,0.0,0.0,0.0,0.0,0.0,0.0,0.0
400709,2025-08,250.0,564.0,814.0,0.0,0.0,0.0,0.0,0.0,0.0,0.0
400709,2025-09,854.0,1041.0,1895.0,73.0,551.0,624.0,78.0,29.0,0.0,107.0
400709,2025-10,627.0,930.0,1557.0,56.0,506.0,562.0,99.0,23.0,0.0,122.0
400709,2025-11,1540.0,1455.0,2995.0,100.0,1216.0,1316.0,132.0,16.0,0.0,148.0
400709,2025-12,776.0,1300.0,2076.0,98.0,1256.0,1354.0,71.0,2.0,1.0,74.0
400709,2026-01,102.0,111.0,213.0,12.0,78.0,90.0,13.0,3.0,0.0,16.0
400710,2025-04,23.0,43.0,66.0,0.0,0.0,0.0,0.0,0.0,0.0,0.0
400710,2025-05,62.0,52.0,114.0,0.0,0.0,0.0,0.0,0.0,0.0,0.0
400710,2025-06,45.0,79.0,124.0,0.0,0.0,0.0,2.0,1.0,0.0,3.0
400710,2025-07,125.0,156.0,281.0,0.0,0.0,0.0,0.0,0.0,0.0,0.0
400710,2025-08,15.0,63.0,78.0,0.0,0.0,0.0,0.0,0.0,0.0,0.0
400710,2025-09,88.0,92.0,180.0,8.0,37.0,45.0,6.0,3.0,1.0,10.0
400710,2025-10,86.0,72.0,158.0,5.0,38.0,43.0,4.0,0.0,0.0,4.0
400710,2025-11,67.0,147.0,214.0,5.0,116.0,121.0,4.0,4.0,0.0,8.0
400710,2025-12,39.0,86.0,125.0,5.0,91.0,96.0,4.0,0.0,0.0,4.0
400710,2026-01,9.0,8.0,17.0,0.0,6.0,6.0,1.0,1.0,0.0,2.0
401101,2025-03,170.0,495.0,665.0,71.0,753.0,824.0,0.0,0.0,0.0,0.0
401101,2025-04,278.0,732.0,1010.0,0.0,0.0,0.0,0.0,0.0,0.0,0.0
401101,2025-05,479.0,1063.0,1542.0,0.0,0.0,0.0,0.0,0.0,0.0,0.0
401101,2025-06,373.0,961.0,1334.0,0.0,0.0,0.0,42.0,32.0,3.0,77.0
401101,2025-07,317.0,1015.0,1332.0,0.0,0.0,0.0,0.0,0.0,0.0,0.0
401101,2025-08,142.0,519.0,661.0,0.0,0.0,0.0,0.0,0.0,0.0,0.0
401101,2025-09,388.0,789.0,1177.0,37.0,406.0,443.0,40.0,24.0,3.0,67.0
401101,2025-10,353.0,835.0,1188.0,20.0,331.0,351.0,49.0,18.0,0.0,67.0
401101,2025-11,641.0,1563.0,2204.0,62.0,880.0,942.0,70.0,30.0,2.0,102.0
401101,2025-12,520.0,1021.0,1541.0,69.0,921.0,990.0,74.0,11.0,0.0,85.0
401101,2026-01,62.0,105.0,167.0,4.0,72.0,76.0,9.0,4.0,1.0,14.0
401102,2025-03,21.0,313.0,334.0,0.0,0.0,0.0,0.0,0.0,0.0,0.0
401102,2025-05,1.0,64.0,65.0,0.0,0.0,0.0,0.0,0.0,0.0,0.0
401102,2025-06,15.0,185.0,200.0,0.0,0.0,0.0,5.0,0.0,0.0,5.0
401102,2025-07,12.0,174.0,186.0,0.0,0.0,0.0,0.0,0.0,0.0,0.0
401102,2025-08,2.0,63.0,65.0,0.0,0.0,0.0,0.0,0.0,0.0,0.0
401102,2025-09,16.0,188.0,204.0,0.0,91.0,91.0,9.0,1.0,0.0,10.0
401102,2025-10,14.0,378.0,392.0,0.0,109.0,109.0,9.0,0.0,0.0,9.0
401102,2025-11,21.0,547.0,568.0,3.0,610.0,613.0,6.0,1.0,0.0,7.0
401102,2025-12,25.0,506.0,531.0,4.0,251.0,255.0,6.0,1.0,0.0,7.0
401102,2026-01,2.0,50.0,52.0,0.0,14.0,14.0,2.0,0.0,0.0,2.0
401103,2025-05,0.0,38.0,38.0,0.0,0.0,0.0,0.0,0.0,0.0,0.0
401103,2025-06,1.0,129.0,130.0,0.0,0.0,0.0,2.0,3.0,0.0,5.0
401103,2025-07,1.0,194.0,195.0,0.0,0.0,0.0,0.0,0.0,0.0,0.0
401103,2025-08,2.0,106.0,108.0,0.0,0.0,0.0,0.0,0.0,0.0,0.0
401103,2025-09,5.0,228.0,233.0,0.0,56.0,56.0,8.0,2.0,0.0,10.0
401103,2025-10,0.0,187.0,187.0,0.0,67.0,67.0,2.0,1.0,0.0,3.0
401103,2025-11,4.0,480.0,484.0,0.0,212.0,212.0,1.0,0.0,0.0,1.0
401103,2025-12,11.0,364.0,375.0,0.0,129.0,129.0,0.0,0.0,0.0,0.0
401103,2026-01,1.0,1.0,2.0,1.0,7.0,8.0,0.0,1.0,0.0,1.0
401104,2025-05,1.0,10.0,11.0,0.0,0.0,0.0,0.0,0.0,0.0,0.0
401104,2025-06,2.0,31.0,33.0,0.0,0.0,0.0,1.0,3.0,0.0,4.0
401104,2025-07,1.0,28.0,29.0,0.0,0.0,0.0,0.0,0.0,0.0,0.0
401104,2025-08,1.0,26.0,27.0,0.0,0.0,0.0,0.0,0.0,0.0,0.0
401104,2025-09,2.0,23.0,25.0,0.0,12.0,12.0,1.0,0.0,0.0,1.0
401104,2025-10,1.0,43.0,44.0,0.0,11.0,11.0,1.0,0.0,0.0,1.0
401104,2025-11,4.0,94.0,98.0,0.0,49.0,49.0,2.0,0.0,0.0,2.0
401104,2025-12,1.0,55.0,56.0,0.0,20.0,20.0,2.0,0.0,0.0,2.0
401104,2026-01,0.0,4.0,4.0,0.0,2.0,2.0,1.0,0.0,0.0,1.0
401105,2025-03,0.0,0.0,0.0,108.0,1218.0,1326.0,0.0,0.0,0.0,0.0
401105,2025-04,714.0,1730.0,2444.0,0.0,0.0,0.0,0.0,0.0,0.0,0.0
401105,2025-05,1180.0,2509.0,3689.0,0.0,0.0,0.0,0.0,0.0,0.0,0.0
401105,2025-06,402.0,1025.0,1427.0,0.0,0.0,0.0,27.0,55.0,0.0,82.0
401105,2025-07,454.0,1175.0,1629.0,0.0,0.0,0.0,0.0,0.0,0.0,0.0
401105,2025-08,208.0,636.0,844.0,0.0,0.0,0.0,0.0,0.0,0.0,0.0
401105,2025-09,348.0,821.0,1169.0,63.0,629.0,692.0,83.0,50.0,1.0,134.0
401105,2025-10,403.0,819.0,1222.0,41.0,495.0,536.0,79.0,42.0,1.0,122.0
401105,2025-11,996.0,1426.0,2422.0,123.0,1465.0,1588.0,103.0,61.0,4.0,168.0
401105,2025-12,718.0,1187.0,1905.0,98.0,1416.0,1514.0,75.0,24.0,0.0,99.0
401105,2026-01,92.0,123.0,215.0,9.0,84.0,93.0,10.0,11.0,0.0,21.0
401106,2025-03,59.0,130.0,189.0,13.0,172.0,185.0,0.0,0.0,0.0,0.0
401106,2025-04,222.0,200.0,422.0,0.0,0.0,0.0,0.0,0.0,0.0,0.0
401106,2025-05,209.0,190.0,399.0,0.0,0.0,0.0,0.0,0.0,0.0,0.0
401106,2025-06,417.0,723.0,1140.0,0.0,0.0,0.0,11.0,6.0,0.0,17.0
401106,2025-07,95.0,172.0,267.0,0.0,0.0,0.0,0.0,0.0,0.0,0.0
401106,2025-08,76.0,159.0,235.0,0.0,0.0,0.0,0.0,0.0,0.0,0.0
401106,2025-09,90.0,158.0,248.0,22.0,142.0,164.0,19.0,8.0,0.0,27.0
401106,2025-10,170.0,355.0,525.0,21.0,172.0,193.0,30.0,6.0,0.0,36.0
401106,2025-11,260.0,279.0,539.0,35.0,259.0,294.0,30.0,6.0,0.0,36.0
401106,2025-12,79.0,220.0,299.0,25.0,209.0,234.0,8.0,1.0,1.0,10.0
401106,2026-01,3.0,7.0,10.0,1.0,9.0,10.0,4.0,1.0,0.0,5.0
401107,2025-03,0.0,0.0,0.0,328.0,3826.0,4154.0,0.0,0.0,0.0,0.0
401107,2025-04,833.0,1678.0,2511.0,379.0,3573.0,3952.0,292.0,182.0,10.0,484.0
401107,2025-05,1590.0,2958.0,4548.0,375.0,3488.0,3863.0,270.0,145.0,26.0,441.0
401107,2025-06,609.0,1745.0,2354.0,347.0,3551.0,3898.0,428.0,404.0,20.0,852.0
401107,2025-07,603.0,1553.0,2156.0,416.0,4242.0,4658.0,399.0,469.0,20.0,888.0
401107,2025-08,935.0,1694.0,2629.0,0.0,0.0,0.0,0.0,0.0,0.0,0.0
401107,2025-09,1017.0,1664.0,2681.0,195.0,2029.0,2224.0,229.0,170.0,6.0,405.0
401107,2025-10,848.0,1658.0,2506.0,147.0,1669.0,1816.0,189.0,77.0,4.0,270.0
401107,2025-11,2386.0,2915.0,5301.0,344.0,3977.0,4321.0,279.0,123.0,6.0,408.0
401107,2025-12,1739.0,2424.0,4163.0,395.0,4272.0,4667.0,204.0,84.0,2.0,290.0
401107,2026-01,218.0,285.0,503.0,39.0,321.0,360.0,54.0,25.0,1.0,80.0
401201,2025-03,64.0,598.0,662.0,0.0,0.0,0.0,0.0,0.0,0.0,0.0
401201,2025-04,25.0,289.0,314.0,0.0,0.0,0.0,0.0,0.0,0.0,0.0
401201,2025-05,69.0,374.0,443.0,0.0,0.0,0.0,0.0,0.0,0.0,0.0
401201,2025-06,30.0,337.0,367.0,0.0,0.0,0.0,3.0,9.0,0.0,12.0
401201,2025-07,25.0,309.0,334.0,0.0,0.0,0.0,0.0,0.0,0.0,0.0
401201,2025-08,16.0,220.0,236.0,0.0,0.0,0.0,0.0,0.0,0.0,0.0
401201,2025-09,40.0,176.0,216.0,1.0,111.0,112.0,28.0,2.0,0.0,30.0
401201,2025-10,26.0,246.0,272.0,0.0,120.0,120.0,16.0,0.0,0.0,16.0
401201,2025-11,19.0,496.0,515.0,2.0,527.0,529.0,15.0,2.0,0.0,17.0
401201,2025-12,39.0,591.0,630.0,4.0,405.0,409.0,6.0,1.0,0.0,7.0
401201,2026-01,5.0,59.0,64.0,0.0,25.0,25.0,3.0,0.0,0.0,3.0
401202,2025-03,15.0,235.0,250.0,0.0,0.0,0.0,0.0,0.0,0.0,0.0
401202,2025-04,44.0,402.0,446.0,0.0,0.0,0.0,0.0,0.0,0.0,0.0
401202,2025-05,45.0,375.0,420.0,0.0,0.0,0.0,0.0,0.0,0.0,0.0
401202,2025-06,61.0,615.0,676.0,0.0,0.0,0.0,6.0,10.0,0.0,16.0
401202,2025-07,8.0,222.0,230.0,0.0,0.0,0.0,0.0,0.0,0.0,0.0
401202,2025-08,2.0,116.0,118.0,0.0,0.0,0.0,0.0,0.0,0.0,0.0
401202,2025-09,22.0,224.0,246.0,2.0,174.0,176.0,23.0,6.0,0.0,29.0
401202,2025-10,13.0,287.0,300.0,2.0,158.0,160.0,21.0,3.0,0.0,24.0
401202,2025-11,15.0,297.0,312.0,2.0,328.0,330.0,14.0,4.0,0.0,18.0
401202,2025-12,34.0,385.0,419.0,2.0,379.0,381.0,2.0,1.0,0.0,3.0
401202,2026-01,2.0,36.0,38.0,0.0,47.0,47.0,4.0,0.0,0.0,4.0
401203,2025-03,20.0,205.0,225.0,0.0,0.0,0.0,0.0,0.0,0.0,0.0
401203,2025-04,33.0,207.0,240.0,0.0,0.0,0.0,0.0,0.0,0.0,0.0
401203,2025-05,55.0,345.0,400.0,0.0,0.0,0.0,0.0,0.0,0.0,0.0
401203,2025-06,55.0,370.0,425.0,0.0,0.0,0.0,5.0,8.0,0.0,13.0
401203,2025-07,31.0,242.0,273.0,0.0,0.0,0.0,0.0,0.0,0.0,0.0
401203,2025-08,16.0,227.0,243.0,0.0,0.0,0.0,0.0,0.0,0.0,0.0
401203,2025-09,70.0,386.0,456.0,2.0,143.0,145.0,8.0,8.0,0.0,16.0
401203,2025-10,28.0,343.0,371.0,1.0,98.0,99.0,13.0,7.0,0.0,20.0
401203,2025-11,63.0,341.0,404.0,9.0,293.0,302.0,23.0,2.0,0.0,25.0
401203,2025-12,106.0,462.0,568.0,5.0,247.0,252.0,9.0,5.0,0.0,14.0
401203,2026-01,16.0,56.0,72.0,0.0,18.0,18.0,4.0,1.0,0.0,5.0
401204,2025-04,18.0,53.0,71.0,0.0,0.0,0.0,0.0,0.0,0.0,0.0
401204,2025-05,37.0,189.0,226.0,0.0,0.0,0.0,0.0,0.0,0.0,0.0
401204,2025-06,20.0,156.0,176.0,0.0,0.0,0.0,5.0,2.0,0.0,7.0
401204,2025-07,19.0,103.0,122.0,0.0,0.0,0.0,0.0,0.0,0.0,0.0
401204,2025-08,28.0,81.0,109.0,0.0,0.0,0.0,0.0,0.0,0.0,0.0
401204,2025-09,53.0,106.0,159.0,3.0,68.0,71.0,9.0,2.0,0.0,11.0
401204,2025-10,47.0,221.0,268.0,7.0,182.0,189.0,9.0,3.0,0.0,12.0
401204,2025-11,111.0,221.0,332.0,13.0,410.0,423.0,7.0,1.0,0.0,8.0
401204,2025-12,43.0,163.0,206.0,7.0,147.0,154.0,3.0,0.0,0.0,3.0
401204,2026-01,9.0,18.0,27.0,0.0,2.0,2.0,2.0,0.0,0.0,2.0
401206,2025-05,1.0,9.0,10.0,0.0,0.0,0.0,0.0,0.0,0.0,0.0
401206,2025-06,24.0,47.0,71.0,0.0,0.0,0.0,3.0,0.0,0.0,3.0
401206,2025-07,3.0,53.0,56.0,0.0,0.0,0.0,0.0,0.0,0.0,0.0
401206,2025-08,19.0,51.0,70.0,0.0,0.0,0.0,0.0,0.0,0.0,0.0
401206,2025-09,43.0,49.0,92.0,0.0,13.0,13.0,2.0,2.0,0.0,4.0
401206,2025-10,20.0,77.0,97.0,3.0,45.0,48.0,6.0,2.0,0.0,8.0
401206,2025-11,41.0,83.0,124.0,7.0,139.0,146.0,10.0,1.0,0.0,11.0
401206,2025-12,16.0,39.0,55.0,3.0,56.0,59.0,0.0,0.0,0.0,0.0
401206,2026-01,2.0,5.0,7.0,0.0,2.0,2.0,0.0,0.0,0.0,0.0
401207,2025-03,30.0,106.0,136.0,0.0,0.0,0.0,0.0,0.0,0.0,0.0
401207,2025-05,25.0,90.0,115.0,0.0,0.0,0.0,0.0,0.0,0.0,0.0
401207,2025-06,21.0,95.0,116.0,0.0,0.0,0.0,4.0,2.0,0.0,6.0
401207,2025-07,2.0,80.0,82.0,0.0,0.0,0.0,0.0,0.0,0.0,0.0
401207,2025-08,4.0,60.0,64.0,0.0,0.0,0.0,0.0,0.0,0.0,0.0
401207,2025-09,12.0,47.0,59.0,0.0,41.0,41.0,5.0,0.0,0.0,5.0
401207,2025-10,12.0,92.0,104.0,0.0,32.0,32.0,3.0,0.0,0.0,3.0
401207,2025-11,28.0,137.0,165.0,0.0,132.0,132.0,2.0,1.0,0.0,3.0
401207,2025-12,12.0,86.0,98.0,0.0,124.0,124.0,4.0,0.0,0.0,4.0
401207,2026-01,2.0,13.0,15.0,0.0,9.0,9.0,0.0,0.0,0.0,0.0
401208,2025-04,31.0,364.0,395.0,0.0,0.0,0.0,0.0,0.0,0.0,0.0
401208,2025-05,80.0,530.0,610.0,0.0,0.0,0.0,0.0,0.0,0.0,0.0
401208,2025-06,18.0,314.0,332.0,0.0,0.0,0.0,9.0,14.0,0.0,23.0
401208,2025-07,25.0,554.0,579.0,0.0,0.0,0.0,0.0,0.0,0.0,0.0
401208,2025-08,16.0,285.0,301.0,0.0,0.0,0.0,0.0,0.0,0.0,0.0
401208,2025-09,47.0,283.0,330.0,4.0,243.0,247.0,39.0,23.0,0.0,62.0
401208,2025-10,31.0,470.0,501.0,7.0,204.0,211.0,31.0,8.0,0.0,39.0
401208,2025-11,40.0,927.0,967.0,8.0,658.0,666.0,53.0,18.0,0.0,71.0
401208,2025-12,46.0,960.0,1006.0,7.0,611.0,618.0,29.0,7.0,0.0,36.0
401208,2026-01,7.0,57.0,64.0,0.0,52.0,52.0,7.0,3.0,0.0,10.0
401209,2025-03,74.0,826.0,900.0,14.0,699.0,713.0,0.0,0.0,0.0,0.0
401209,2025-05,178.0,1207.0,1385.0,0.0,0.0,0.0,0.0,0.0,0.0,0.0
401209,2025-06,74.0,787.0,861.0,0.0,0.0,0.0,14.0,19.0,0.0,33.0
401209,2025-07,74.0,810.0,884.0,0.0,0.0,0.0,0.0,0.0,0.0,0.0
401209,2025-08,43.0,563.0,606.0,0.0,0.0,0.0,0.0,0.0,0.0,0.0
401209,2025-09,99.0,733.0,832.0,14.0,395.0,409.0,46.0,38.0,0.0,84.0
401209,2025-10,78.0,919.0,997.0,3.0,310.0,313.0,34.0,20.0,0.0,54.0
401209,2025-11,117.0,1245.0,1362.0,10.0,930.0,940.0,53.0,26.0,0.0,79.0
401209,2025-12,131.0,1044.0,1175.0,9.0,855.0,864.0,31.0,13.0,0.0,44.0
401209,2026-01,5.0,59.0,64.0,0.0,44.0,44.0,7.0,4.0,0.0,11.0
401301,2025-03,14.0,93.0,107.0,0.0,0.0,0.0,0.0,0.0,0.0,0.0
401301,2025-04,20.0,73.0,93.0,0.0,0.0,0.0,0.0,0.0,0.0,0.0
401301,2025-05,53.0,151.0,204.0,0.0,0.0,0.0,0.0,0.0,0.0,0.0
401301,2025-06,39.0,136.0,175.0,0.0,0.0,0.0,3.0,1.0,0.0,4.0
401301,2025-07,9.0,145.0,154.0,0.0,0.0,0.0,0.0,0.0,0.0,0.0
401301,2025-08,10.0,81.0,91.0,0.0,0.0,0.0,0.0,0.0,0.0,0.0
401301,2025-09,50.0,136.0,186.0,2.0,56.0,58.0,14.0,1.0,0.0,15.0
401301,2025-10,44.0,204.0,248.0,3.0,51.0,54.0,7.0,2.0,0.0,9.0
401301,2025-11,57.0,302.0,359.0,0.0,233.0,233.0,15.0,0.0,0.0,15.0
401301,2025-12,44.0,213.0,257.0,2.0,128.0,130.0,2.0,1.0,0.0,3.0
401301,2026-01,0.0,4.0,4.0,0.0,9.0,9.0,0.0,1.0,0.0,1.0
401302,2025-05,3.0,40.0,43.0,0.0,0.0,0.0,0.0,0.0,0.0,0.0
401302,2025-06,19.0,264.0,283.0,0.0,0.0,0.0,2.0,0.0,0.0,2.0
401302,2025-07,5.0,57.0,62.0,0.0,0.0,0.0,0.0,0.0,0.0,0.0
401302,2025-08,1.0,33.0,34.0,0.0,0.0,0.0,0.0,0.0,0.0,0.0
401302,2025-09,20.0,147.0,167.0,1.0,28.0,29.0,19.0,5.0,0.0,24.0
401302,2025-10,11.0,168.0,179.0,1.0,29.0,30.0,14.0,0.0,0.0,14.0
401302,2025-11,14.0,175.0,189.0,1.0,153.0,154.0,7.0,1.0,0.0,8.0
401302,2025-12,30.0,166.0,196.0,2.0,114.0,116.0,0.0,1.0,0.0,1.0
401302,2026-01,6.0,35.0,41.0,0.0,3.0,3.0,2.0,1.0,0.0,3.0
401303,2025-03,31.0,344.0,375.0,0.0,0.0,0.0,0.0,0.0,0.0,0.0
401303,2025-04,45.0,257.0,302.0,0.0,0.0,0.0,0.0,0.0,0.0,0.0
401303,2025-05,224.0,864.0,1088.0,0.0,0.0,0.0,0.0,0.0,0.0,0.0
401303,2025-06,47.0,301.0,348.0,0.0,0.0,0.0,13.0,12.0,0.0,25.0
401303,2025-07,25.0,265.0,290.0,0.0,0.0,0.0,0.0,0.0,0.0,0.0
401303,2025-08,30.0,295.0,325.0,0.0,0.0,0.0,0.0,0.0,0.0,0.0
401303,2025-09,52.0,304.0,356.0,7.0,194.0,201.0,18.0,5.0,0.0,23.0
401303,2025-10,40.0,343.0,383.0,7.0,251.0,258.0,19.0,2.0,0.0,21.0
401303,2025-11,203.0,819.0,1022.0,8.0,941.0,949.0,16.0,9.0,0.0,25.0
401303,2025-12,134.0,454.0,588.0,8.0,537.0,545.0,8.0,3.0,0.0,11.0
401303,2026-01,22.0,59.0,81.0,0.0,24.0,24.0,1.0,2.0,0.0,3.0
401304,2025-04,11.0,72.0,83.0,0.0,0.0,0.0,0.0,0.0,0.0,0.0
401304,2025-05,3.0,18.0,21.0,0.0,0.0,0.0,0.0,0.0,0.0,0.0
401304,2025-06,1.0,49.0,50.0,0.0,0.0,0.0,4.0,0.0,0.0,4.0
401304,2025-07,4.0,84.0,88.0,0.0,0.0,0.0,0.0,0.0,0.0,0.0
401304,2025-08,11.0,53.0,64.0,0.0,0.0,0.0,0.0,0.0,0.0,0.0
401304,2025-09,8.0,86.0,94.0,0.0,21.0,21.0,4.0,0.0,0.0,4.0
401304,2025-10,9.0,86.0,95.0,0.0,23.0,23.0,3.0,2.0,0.0,5.0
401304,2025-11,5.0,200.0,205.0,0.0,78.0,78.0,4.0,1.0,0.0,5.0
401304,2025-12,15.0,148.0,163.0,0.0,44.0,44.0,2.0,2.0,0.0,4.0
401304,2026-01,0.0,13.0,13.0,0.0,4.0,4.0,1.0,0.0,0.0,1.0
401305,2025-03,54.0,512.0,566.0,16.0,366.0,382.0,0.0,0.0,0.0,0.0
401305,2025-04,80.0,428.0,508.0,0.0,0.0,0.0,0.0,0.0,0.0,0.0
401305,2025-05,156.0,568.0,724.0,0.0,0.0,0.0,0.0,0.0,0.0,0.0
401305,2025-06,75.0,374.0,449.0,0.0,0.0,0.0,11.0,13.0,0.0,24.0
401305,2025-07,84.0,519.0,603.0,0.0,0.0,0.0,0.0,0.0,0.0,0.0
401305,2025-08,43.0,440.0,483.0,0.0,0.0,0.0,0.0,0.0,0.0,0.0
401305,2025-09,145.0,502.0,647.0,11.0,233.0,244.0,20.0,13.0,0.0,33.0
401305,2025-10,72.0,458.0,530.0,9.0,236.0,245.0,34.0,7.0,0.0,41.0
401305,2025-11,339.0,993.0,1332.0,10.0,710.0,720.0,25.0,6.0,0.0,31.0
401305,2025-12,477.0,1120.0,1597.0,5.0,562.0,567.0,19.0,7.0,0.0,26.0
401305,2026-01,26.0,86.0,112.0,3.0,38.0,41.0,8.0,0.0,0.0,8.0
401401,2025-05,0.0,15.0,15.0,0.0,0.0,0.0,0.0,0.0,0.0,0.0
401401,2025-06,1.0,45.0,46.0,0.0,0.0,0.0,0.0,0.0,0.0,0.0
401401,2025-07,0.0,38.0,38.0,0.0,0.0,0.0,0.0,0.0,0.0,0.0
401401,2025-08,1.0,31.0,32.0,0.0,0.0,0.0,0.0,0.0,0.0,0.0
401401,2025-09,1.0,39.0,40.0,1.0,16.0,17.0,4.0,0.0,0.0,4.0
401401,2025-10,2.0,94.0,96.0,1.0,27.0,28.0,2.0,0.0,0.0,2.0
401401,2025-11,3.0,131.0,134.0,0.0,154.0,154.0,0.0,0.0,0.0,0.0
401401,2025-12,4.0,123.0,127.0,0.0,87.0,87.0,2.0,0.0,0.0,2.0
401401,2026-01,0.0,8.0,8.0,0.0,6.0,6.0,0.0,0.0,0.0,0.0
401402,2025-05,0.0,19.0,19.0,0.0,0.0,0.0,0.0,0.0,0.0,0.0
401402,2025-06,0.0,30.0,30.0,0.0,0.0,0.0,1.0,1.0,0.0,2.0
401402,2025-07,4.0,38.0,42.0,0.0,0.0,0.0,0.0,0.0,0.0,0.0
401402,2025-08,2.0,22.0,24.0,0.0,0.0,0.0,0.0,0.0,0.0,0.0
401402,2025-09,13.0,43.0,56.0,1.0,7.0,8.0,2.0,0.0,0.0,2.0
401402,2025-10,2.0,75.0,77.0,0.0,32.0,32.0,0.0,1.0,0.0,1.0
401402,2025-11,2.0,75.0,77.0,0.0,141.0,141.0,2.0,0.0,0.0,2.0
401402,2025-12,4.0,73.0,77.0,0.0,53.0,53.0,1.0,0.0,0.0,1.0
401402,2026-01,0.0,0.0,0.0,0.0,5.0,5.0,0.0,0.0,0.0,0.0
401403,2025-05,2.0,37.0,39.0,0.0,0.0,0.0,0.0,0.0,0.0,0.0
401403,2025-06,14.0,452.0,466.0,0.0,0.0,0.0,4.0,2.0,1.0,7.0
401403,2025-07,1.0,211.0,212.0,0.0,0.0,0.0,0.0,0.0,0.0,0.0
401403,2025-08,1.0,191.0,192.0,0.0,0.0,0.0,0.0,0.0,0.0,0.0
401403,2025-09,10.0,199.0,209.0,2.0,154.0,156.0,8.0,3.0,0.0,11.0
401403,2025-10,5.0,298.0,303.0,1.0,373.0,374.0,2.0,3.0,0.0,5.0
401403,2025-11,7.0,424.0,431.0,0.0,1128.0,1128.0,7.0,5.0,0.0,12.0
401403,2025-12,4.0,406.0,410.0,0.0,358.0,358.0,1.0,0.0,0.0,1.0
401403,2026-01,0.0,6.0,6.0,0.0,28.0,28.0,0.0,0.0,0.0,0.0
401404,2025-03,62.0,696.0,758.0,0.0,0.0,0.0,0.0,0.0,0.0,0.0
401404,2025-04,17.0,322.0,339.0,0.0,0.0,0.0,0.0,0.0,0.0,0.0
401404,2025-05,8.0,162.0,170.0,0.0,0.0,0.0,0.0,0.0,0.0,0.0
401404,2025-06,25.0,495.0,520.0,0.0,0.0,0.0,11.0,2.0,4.0,17.0
401404,2025-07,12.0,380.0,392.0,0.0,0.0,0.0,0.0,0.0,0.0,0.0
401404,2025-08,10.0,241.0,251.0,0.0,0.0,0.0,0.0,0.0,0.0,0.0
401404,2025-09,36.0,314.0,350.0,4.0,158.0,162.0,16.0,13.0,0.0,29.0
401404,2025-10,21.0,564.0,585.0,3.0,402.0,405.0,7.0,1.0,0.0,8.0
401404,2025-11,22.0,733.0,755.0,2.0,1408.0,1410.0,24.0,2.0,0.0,26.0
401404,2025-12,17.0,688.0,705.0,1.0,558.0,559.0,8.0,0.0,0.0,8.0
401404,2026-01,3.0,76.0,79.0,0.0,32.0,32.0,4.0,2.0,0.0,6.0
401405,2025-05,2.0,25.0,27.0,0.0,0.0,0.0,0.0,0.0,0.0,0.0
401405,2025-06,1.0,42.0,43.0,0.0,0.0,0.0,4.0,0.0,0.0,4.0
401405,2025-07,0.0,71.0,71.0,0.0,0.0,0.0,0.0,0.0,0.0,0.0
401405,2025-08,0.0,51.0,51.0,0.0,0.0,0.0,0.0,0.0,0.0,0.0
401405,2025-09,1.0,48.0,49.0,0.0,45.0,45.0,2.0,0.0,0.0,2.0
401405,2025-10,1.0,81.0,82.0,0.0,71.0,71.0,0.0,0.0,0.0,0.0
401405,2025-11,4.0,107.0,111.0,0.0,247.0,247.0,1.0,0.0,0.0,1.0
401405,2025-12,8.0,52.0,60.0,1.0,93.0,94.0,1.0,0.0,0.0,1.0
401405,2026-01,0.0,2.0,2.0,0.0,3.0,3.0,0.0,0.0,0.0,0.0
401501,2025-03,17.0,781.0,798.0,0.0,0.0,0.0,0.0,0.0,0.0,0.0
401501,2025-04,26.0,938.0,964.0,0.0,0.0,0.0,0.0,0.0,0.0,0.0
401501,2025-05,14.0,149.0,163.0,0.0,0.0,0.0,0.0,0.0,0.0,0.0
401501,2025-06,11.0,436.0,447.0,0.0,0.0,0.0,10.0,16.0,0.0,26.0
401501,2025-07,11.0,395.0,406.0,0.0,0.0,0.0,0.0,0.0,0.0,0.0
401501,2025-08,10.0,256.0,266.0,0.0,0.0,0.0,0.0,0.0,0.0,0.0
401501,2025-09,58.0,477.0,535.0,11.0,269.0,280.0,39.0,6.0,0.0,45.0
401501,2025-10,34.0,450.0,484.0,3.0,319.0,322.0,14.0,1.0,0.0,15.0
401501,2025-11,40.0,692.0,732.0,3.0,1034.0,1037.0,20.0,8.0,0.0,28.0
401501,2025-12,50.0,629.0,679.0,6.0,603.0,609.0,20.0,3.0,0.0,23.0
401501,2026-01,2.0,46.0,48.0,0.0,39.0,39.0,5.0,0.0,0.0,5.0
401502,2025-05,4.0,29.0,33.0,0.0,0.0,0.0,0.0,0.0,0.0,0.0
401502,2025-06,2.0,60.0,62.0,0.0,0.0,0.0,1.0,2.0,0.0,3.0
401502,2025-07,2.0,44.0,46.0,0.0,0.0,0.0,0.0,0.0,0.0,0.0
401502,2025-08,5.0,52.0,57.0,0.0,0.0,0.0,0.0,0.0,0.0,0.0
401502,2025-09,2.0,49.0,51.0,1.0,30.0,31.0,3.0,0.0,0.0,3.0
401502,2025-10,4.0,67.0,71.0,0.0,72.0,72.0,0.0,0.0,0.0,0.0
401502,2025-11,6.0,126.0,132.0,0.0,207.0,207.0,1.0,0.0,0.0,1.0
401502,2025-12,14.0,140.0,154.0,0.0,123.0,123.0,2.0,0.0,0.0,2.0
401502,2026-01,2.0,30.0,32.0,1.0,4.0,5.0,0.0,0.0,0.0,0.0
401503,2025-05,1.0,29.0,30.0,0.0,0.0,0.0,0.0,0.0,0.0,0.0
401503,2025-06,4.0,53.0,57.0,0.0,0.0,0.0,1.0,0.0,0.0,1.0
401503,2025-07,1.0,73.0,74.0,0.0,0.0,0.0,0.0,0.0,0.0,0.0
401503,2025-08,0.0,54.0,54.0,0.0,0.0,0.0,0.0,0.0,0.0,0.0
401503,2025-09,3.0,80.0,83.0,0.0,55.0,55.0,3.0,3.0,0.0,6.0
401503,2025-10,0.0,90.0,90.0,0.0,65.0,65.0,2.0,0.0,0.0,2.0
401503,2025-11,9.0,118.0,127.0,1.0,220.0,221.0,0.0,0.0,0.0,0.0
401503,2025-12,6.0,159.0,165.0,0.0,148.0,148.0,1.0,0.0,0.0,1.0
401503,2026-01,0.0,11.0,11.0,0.0,3.0,3.0,0.0,0.0,0.0,0.0
401504,2025-04,20.0,208.0,228.0,0.0,0.0,0.0,0.0,0.0,0.0,0.0
401504,2025-05,0.0,7.0,7.0,0.0,0.0,0.0,0.0,0.0,0.0,0.0
401504,2025-06,22.0,115.0,137.0,0.0,0.0,0.0,1.0,2.0,0.0,3.0
401504,2025-07,7.0,86.0,93.0,0.0,0.0,0.0,0.0,0.0,0.0,0.0
401504,2025-08,10.0,33.0,43.0,0.0,0.0,0.0,0.0,0.0,0.0,0.0
401504,2025-09,19.0,78.0,97.0,0.0,41.0,41.0,0.0,3.0,0.0,3.0
401504,2025-10,7.0,80.0,87.0,2.0,64.0,66.0,3.0,0.0,0.0,3.0
401504,2025-11,25.0,123.0,148.0,0.0,144.0,144.0,2.0,1.0,0.0,3.0
401504,2025-12,32.0,130.0,162.0,4.0,83.0,87.0,2.0,1.0,0.0,3.0
401504,2026-01,3.0,23.0,26.0,0.0,5.0,5.0,1.0,0.0,0.0,1.0
401506,2025-05,2.0,8.0,10.0,0.0,0.0,0.0,0.0,0.0,0.0,0.0
401506,2025-06,3.0,28.0,31.0,0.0,0.0,0.0,2.0,2.0,0.0,4.0
401506,2025-07,4.0,26.0,30.0,0.0,0.0,0.0,0.0,0.0,0.0,0.0
401506,2025-08,0.0,32.0,32.0,0.0,0.0,0.0,0.0,0.0,0.0,0.0
401506,2025-09,2.0,16.0,18.0,0.0,16.0,16.0,3.0,0.0,0.0,3.0
401506,2025-10,0.0,35.0,35.0,1.0,17.0,18.0,1.0,0.0,0.0,1.0
401506,2025-11,3.0,44.0,47.0,0.0,39.0,39.0,2.0,0.0,0.0,2.0
401506,2025-12,3.0,34.0,37.0,0.0,24.0,24.0,0.0,0.0,0.0,0.0
401506,2026-01,0.0,7.0,7.0,0.0,2.0,2.0,0.0,0.0,0.0,0.0
401601,2025-05,0.0,43.0,43.0,0.0,0.0,0.0,0.0,0.0,0.0,0.0
401601,2025-06,2.0,67.0,69.0,0.0,0.0,0.0,1.0,0.0,0.0,1.0
401601,2025-07,4.0,77.0,81.0,0.0,0.0,0.0,0.0,0.0,0.0,0.0
401601,2025-08,2.0,60.0,62.0,0.0,0.0,0.0,0.0,0.0,0.0,0.0
401601,2025-09,4.0,105.0,109.0,0.0,49.0,49.0,3.0,2.0,0.0,5.0
401601,2025-10,3.0,122.0,125.0,0.0,64.0,64.0,3.0,0.0,0.0,3.0
401601,2025-11,10.0,149.0,159.0,0.0,181.0,181.0,2.0,0.0,0.0,2.0
401601,2025-12,8.0,129.0,137.0,0.0,123.0,123.0,1.0,0.0,0.0,1.0
401601,2026-01,1.0,13.0,14.0,0.0,7.0,7.0,0.0,0.0,0.0,0.0
401602,2025-03,49.0,840.0,889.0,10.0,548.0,558.0,0.0,0.0,0.0,0.0
401602,2025-05,215.0,2207.0,2422.0,0.0,0.0,0.0,0.0,0.0,0.0,0.0
401602,2025-06,54.0,911.0,965.0,0.0,0.0,0.0,7.0,17.0,0.0,24.0
401602,2025-07,59.0,1078.0,1137.0,0.0,0.0,0.0,0.0,0.0,0.0,0.0
401602,2025-08,34.0,735.0,769.0,0.0,0.0,0.0,0.0,0.0,0.0,0.0
401602,2025-09,138.0,1584.0,1722.0,5.0,367.0,372.0,34.0,35.0,1.0,70.0
401602,2025-10,61.0,1257.0,1318.0,6.0,422.0,428.0,13.0,11.0,0.0,24.0
401602,2025-11,61.0,1703.0,1764.0,1.0,1306.0,1307.0,21.0,17.0,0.0,38.0
401602,2025-12,52.0,1433.0,1485.0,4.0,686.0,690.0,9.0,4.0,0.0,13.0
401602,2026-01,7.0,113.0,120.0,0.0,32.0,32.0,3.0,2.0,0.0,5.0
401603,2025-05,2.0,154.0,156.0,0.0,0.0,0.0,0.0,0.0,0.0,0.0
401603,2025-06,1.0,139.0,140.0,0.0,0.0,0.0,8.0,4.0,1.0,13.0
401603,2025-07,0.0,232.0,232.0,0.0,0.0,0.0,0.0,0.0,0.0,0.0
401603,2025-08,3.0,312.0,315.0,0.0,0.0,0.0,0.0,0.0,0.0,0.0
401603,2025-09,19.0,419.0,438.0,3.0,150.0,153.0,13.0,9.0,0.0,22.0
401603,2025-10,3.0,664.0,667.0,3.0,1050.0,1053.0,9.0,5.0,0.0,14.0
401603,2025-11,13.0,1175.0,1188.0,0.0,4467.0,4467.0,20.0,8.0,0.0,28.0
401603,2025-12,6.0,615.0,621.0,0.0,715.0,715.0,13.0,7.0,0.0,20.0
401603,2026-01,1.0,28.0,29.0,0.0,22.0,22.0,4.0,5.0,0.0,9.0
401604,2025-05,4.0,38.0,42.0,0.0,0.0,0.0,0.0,0.0,0.0,0.0
401604,2025-06,60.0,435.0,495.0,0.0,0.0,0.0,3.0,5.0,0.0,8.0
401604,2025-07,6.0,120.0,126.0,0.0,0.0,0.0,0.0,0.0,0.0,0.0
401604,2025-08,16.0,273.0,289.0,0.0,0.0,0.0,0.0,0.0,0.0,0.0
401604,2025-09,29.0,185.0,214.0,1.0,188.0,189.0,17.0,28.0,1.0,46.0
401604,2025-10,27.0,637.0,664.0,4.0,808.0,812.0,9.0,8.0,0.0,17.0
401604,2025-11,34.0,757.0,791.0,3.0,1934.0,1937.0,19.0,11.0,0.0,30.0
401604,2025-12,25.0,451.0,476.0,1.0,376.0,377.0,14.0,1.0,0.0,15.0
401604,2026-01,1.0,47.0,48.0,2.0,20.0,22.0,11.0,5.0,0.0,16.0
401605,2025-05,3.0,148.0,151.0,0.0,0.0,0.0,0.0,0.0,0.0,0.0
401605,2025-06,14.0,338.0,352.0,0.0,0.0,0.0,1.0,1.0,0.0,2.0
401605,2025-07,6.0,170.0,176.0,0.0,0.0,0.0,0.0,0.0,0.0,0.0
401605,2025-08,2.0,117.0,119.0,0.0,0.0,0.0,0.0,0.0,0.0,0.0
401605,2025-09,22.0,210.0,232.0,6.0,126.0,132.0,8.0,5.0,0.0,13.0
401605,2025-10,10.0,251.0,261.0,5.0,477.0,482.0,1.0,1.0,0.0,2.0
401605,2025-11,0.0,329.0,329.0,0.0,1498.0,1498.0,11.0,2.0,0.0,13.0
401605,2025-12,6.0,260.0,266.0,1.0,603.0,604.0,2.0,0.0,0.0,2.0
401605,2026-01,4.0,27.0,31.0,0.0,51.0,51.0,0.0,0.0,0.0,0.0
401606,2025-03,38.0,453.0,491.0,0.0,0.0,0.0,0.0,0.0,0.0,0.0
401606,2025-04,56.0,686.0,742.0,0.0,0.0,0.0,0.0,0.0,0.0,0.0
401606,2025-05,82.0,825.0,907.0,0.0,0.0,0.0,0.0,0.0,0.0,0.0
401606,2025-06,33.0,528.0,561.0,0.0,0.0,0.0,9.0,17.0,0.0,26.0
401606,2025-07,54.0,726.0,780.0,0.0,0.0,0.0,0.0,0.0,0.0,0.0
401606,2025-08,31.0,557.0,588.0,0.0,0.0,0.0,0.0,0.0,0.0,0.0
401606,2025-09,69.0,524.0,593.0,2.0,249.0,251.0,25.0,18.0,2.0,45.0
401606,2025-10,38.0,335.0,373.0,1.0,300.0,301.0,12.0,3.0,0.0,15.0
401606,2025-11,34.0,527.0,561.0,4.0,554.0,558.0,9.0,6.0,0.0,15.0
401606,2025-12,50.0,650.0,700.0,6.0,328.0,334.0,5.0,4.0,0.0,9.0
401606,2026-01,12.0,66.0,78.0,1.0,17.0,18.0,0.0,1.0,0.0,1.0
401607,2025-03,22.0,608.0,630.0,0.0,0.0,0.0,0.0,0.0,0.0,0.0
401607,2025-05,13.0,278.0,291.0,0.0,0.0,0.0,0.0,0.0,0.0,0.0
401607,2025-06,69.0,988.0,1057.0,0.0,0.0,0.0,1.0,10.0,0.0,11.0
401607,2025-07,12.0,291.0,303.0,0.0,0.0,0.0,0.0,0.0,0.0,0.0
401607,2025-08,25.0,475.0,500.0,0.0,0.0,0.0,0.0,0.0,0.0,0.0
401607,2025-09,63.0,506.0,569.0,2.0,87.0,89.0,9.0,12.0,0.0,21.0
401607,2025-10,27.0,634.0,661.0,1.0,350.0,351.0,5.0,5.0,0.0,10.0
401607,2025-11,24.0,589.0,613.0,6.0,602.0,608.0,10.0,4.0,0.0,14.0
401607,2025-12,13.0,528.0,541.0,4.0,257.0,261.0,1.0,2.0,0.0,3.0
401607,2026-01,2.0,20.0,22.0,0.0,18.0,18.0,1.0,1.0,0.0,2.0
401608,2025-05,0.0,2.0,2.0,0.0,0.0,0.0,0.0,0.0,0.0,0.0
401608,2025-07,0.0,1.0,1.0,0.0,0.0,0.0,0.0,0.0,0.0,0.0
401608,2025-08,0.0,4.0,4.0,0.0,0.0,0.0,0.0,0.0,0.0,0.0
401608,2025-09,0.0,2.0,2.0,0.0,0.0,0.0,0.0,0.0,0.0,0.0
401608,2025-10,0.0,7.0,7.0,0.0,0.0,0.0,0.0,0.0,0.0,0.0
401608,2025-11,0.0,3.0,3.0,0.0,5.0,5.0,0.0,0.0,0.0,0.0
401608,2025-12,0.0,3.0,3.0,0.0,2.0,2.0,0.0,0.0,0.0,0.0
401609,2025-06,0.0,2.0,2.0,0.0,0.0,0.0,0.0,0.0,0.0,0.0
401609,2025-07,0.0,1.0,1.0,0.0,0.0,0.0,0.0,0.0,0.0,0.0
401609,2025-08,0.0,3.0,3.0,0.0,0.0,0.0,0.0,0.0,0.0,0.0
401609,2025-09,0.0,7.0,7.0,0.0,0.0,0.0,0.0,0.0,0.0,0.0
401609,2025-10,0.0,10.0,10.0,0.0,6.0,6.0,0.0,0.0,0.0,0.0
401609,2025-11,0.0,6.0,6.0,0.0,4.0,4.0,0.0,0.0,0.0,0.0
401610,2025-05,4.0,37.0,41.0,0.0,0.0,0.0,0.0,0.0,0.0,0.0
401610,2025-06,6.0,95.0,101.0,0.0,0.0,0.0,0.0,3.0,0.0,3.0
401610,2025-07,0.0,133.0,133.0,0.0,0.0,0.0,0.0,0.0,0.0,0.0
401610,2025-08,2.0,86.0,88.0,0.0,0.0,0.0,0.0,0.0,0.0,0.0
401610,2025-09,2.0,43.0,45.0,0.0,39.0,39.0,2.0,1.0,1.0,4.0
401610,2025-10,5.0,87.0,92.0,0.0,28.0,28.0,6.0,1.0,0.0,7.0
401610,2025-11,13.0,114.0,127.0,0.0,102.0,102.0,1.0,1.0,0.0,2.0
401610,2025-12,4.0,118.0,122.0,0.0,79.0,79.0,3.0,0.0,0.0,3.0
401610,2026-01,1.0,2.0,3.0,0.0,2.0,2.0,1.0,0.0,0.0,1.0
401701,2025-05,0.0,8.0,8.0,0.0,0.0,0.0,0.0,0.0,0.0,0.0
401701,2025-06,1.0,32.0,33.0,0.0,0.0,0.0,1.0,0.0,0.0,1.0
401701,2025-07,0.0,34.0,34.0,0.0,0.0,0.0,0.0,0.0,0.0,0.0
401701,2025-08,0.0,36.0,36.0,0.0,0.0,0.0,0.0,0.0,0.0,0.0
401701,2025-09,2.0,23.0,25.0,0.0,12.0,12.0,0.0,0.0,0.0,0.0
401701,2025-10,0.0,22.0,22.0,0.0,10.0,10.0,0.0,0.0,0.0,0.0
401701,2025-11,1.0,25.0,26.0,0.0,16.0,16.0,0.0,0.0,0.0,0.0
401701,2025-12,2.0,14.0,16.0,0.0,11.0,11.0,0.0,0.0,0.0,0.0
401701,2026-01,0.0,2.0,2.0,0.0,0.0,0.0,0.0,0.0,0.0,0.0
401702,2025-05,0.0,21.0,21.0,0.0,0.0,0.0,0.0,0.0,0.0,0.0
401702,2025-06,0.0,64.0,64.0,0.0,0.0,0.0,0.0,0.0,0.0,0.0
401702,2025-07,1.0,90.0,91.0,0.0,0.0,0.0,0.0,0.0,0.0,0.0
401702,2025-08,0.0,49.0,49.0,0.0,0.0,0.0,0.0,0.0,0.0,0.0
401702,2025-09,3.0,50.0,53.0,0.0,23.0,23.0,1.0,0.0,0.0,1.0
401702,2025-10,0.0,26.0,26.0,0.0,18.0,18.0,0.0,0.0,0.0,0.0
401702,2025-11,1.0,85.0,86.0,0.0,71.0,71.0,1.0,0.0,0.0,1.0
401702,2025-12,0.0,67.0,67.0,0.0,64.0,64.0,0.0,0.0,0.0,0.0
401702,2026-01,0.0,5.0,5.0,0.0,2.0,2.0,0.0,0.0,0.0,0.0
401703,2025-05,2.0,12.0,14.0,0.0,0.0,0.0,0.0,0.0,0.0,0.0
401703,2025-06,0.0,21.0,21.0,0.0,0.0,0.0,0.0,0.0,0.0,0.0
401703,2025-07,0.0,22.0,22.0,0.0,0.0,0.0,0.0,0.0,0.0,0.0
401703,2025-08,3.0,31.0,34.0,0.0,0.0,0.0,0.0,0.0,0.0,0.0
401703,2025-09,2.0,36.0,38.0,0.0,9.0,9.0,0.0,0.0,0.0,0.0
401703,2025-10,0.0,23.0,23.0,0.0,3.0,3.0,0.0,0.0,0.0,0.0
401703,2025-11,0.0,48.0,48.0,0.0,43.0,43.0,0.0,0.0,0.0,0.0
401703,2025-12,0.0,53.0,53.0,0.0,40.0,40.0,1.0,0.0,0.0,1.0
401703,2026-01,0.0,4.0,4.0,0.0,1.0,1.0,0.0,0.0,0.0,0.0
421001,2025-03,116.0,455.0,571.0,45.0,467.0,512.0,0.0,0.0,0.0,0.0
421001,2025-05,324.0,739.0,1063.0,0.0,0.0,0.0,0.0,0.0,0.0,0.0
421001,2025-06,183.0,513.0,696.0,0.0,0.0,0.0,18.0,12.0,1.0,31.0
421001,2025-07,103.0,373.0,476.0,0.0,0.0,0.0,0.0,0.0,0.0,0.0
421001,2025-08,125.0,392.0,517.0,0.0,0.0,0.0,0.0,0.0,0.0,0.0
421001,2025-09,532.0,715.0,1247.0,27.0,292.0,319.0,41.0,28.0,0.0,69.0
421001,2025-10,236.0,569.0,805.0,10.0,240.0,250.0,19.0,8.0,2.0,29.0
421001,2025-11,483.0,1162.0,1645.0,33.0,988.0,1021.0,39.0,21.0,1.0,61.0
421001,2025-12,544.0,1049.0,1593.0,43.0,516.0,559.0,25.0,6.0,1.0,32.0
421001,2026-01,31.0,138.0,169.0,1.0,44.0,45.0,6.0,5.0,0.0,11.0
421002,2025-03,241.0,767.0,1008.0,65.0,929.0,994.0,0.0,0.0,0.0,0.0
421002,2025-04,303.0,735.0,1038.0,0.0,0.0,0.0,0.0,0.0,0.0,0.0
421002,2025-05,175.0,350.0,525.0,0.0,0.0,0.0,0.0,0.0,0.0,0.0
421002,2025-06,299.0,788.0,1087.0,0.0,0.0,0.0,26.0,44.0,1.0,71.0
421002,2025-07,306.0,966.0,1272.0,0.0,0.0,0.0,0.0,0.0,0.0,0.0
421002,2025-08,168.0,537.0,705.0,0.0,0.0,0.0,0.0,0.0,0.0,0.0
421002,2025-09,740.0,980.0,1720.0,56.0,493.0,549.0,131.0,54.0,0.0,185.0
421002,2025-10,516.0,1228.0,1744.0,31.0,544.0,575.0,42.0,21.0,3.0,66.0
421002,2025-11,1043.0,1833.0,2876.0,70.0,2111.0,2181.0,72.0,22.0,1.0,95.0
421002,2025-12,713.0,1193.0,1906.0,83.0,1278.0,1361.0,41.0,14.0,0.0,55.0
421002,2026-01,95.0,198.0,293.0,8.0,70.0,78.0,16.0,5.0,0.0,21.0
421003,2025-05,2.0,42.0,44.0,0.0,0.0,0.0,0.0,0.0,0.0,0.0
421003,2025-06,7.0,64.0,71.0,0.0,0.0,0.0,2.0,4.0,0.0,6.0
421003,2025-07,8.0,115.0,123.0,0.0,0.0,0.0,0.0,0.0,0.0,0.0
421003,2025-08,5.0,51.0,56.0,0.0,0.0,0.0,0.0,0.0,0.0,0.0
421003,2025-09,7.0,109.0,116.0,3.0,74.0,77.0,15.0,10.0,0.0,25.0
421003,2025-10,5.0,79.0,84.0,1.0,64.0,65.0,2.0,1.0,0.0,3.0
421003,2025-11,20.0,165.0,185.0,7.0,251.0,258.0,7.0,1.0,1.0,9.0
421003,2025-12,25.0,126.0,151.0,5.0,155.0,160.0,2.0,1.0,0.0,3.0
421003,2026-01,2.0,5.0,7.0,0.0,3.0,3.0,0.0,0.0,0.0,0.0
421004,2025-03,168.0,509.0,677.0,44.0,896.0,940.0,0.0,0.0,0.0,0.0
421004,2025-04,259.0,482.0,741.0,0.0,0.0,0.0,100.0,30.0,11.0,141.0
421004,2025-05,455.0,849.0,1304.0,0.0,0.0,0.0,0.0,0.0,0.0,0.0
421004,2025-06,312.0,858.0,1170.0,0.0,0.0,0.0,28.0,34.0,0.0,62.0
421004,2025-07,161.0,473.0,634.0,0.0,0.0,0.0,0.0,0.0,0.0,0.0
421004,2025-08,177.0,393.0,570.0,0.0,0.0,0.0,0.0,0.0,0.0,0.0
421004,2025-09,445.0,768.0,1213.0,43.0,394.0,437.0,79.0,26.0,1.0,106.0
421004,2025-10,524.0,908.0,1432.0,29.0,425.0,454.0,42.0,12.0,3.0,57.0
421004,2025-11,360.0,872.0,1232.0,61.0,1501.0,1562.0,60.0,12.0,3.0,75.0
421004,2025-12,469.0,860.0,1329.0,76.0,1041.0,1117.0,46.0,6.0,1.0,53.0
421004,2026-01,68.0,105.0,173.0,4.0,83.0,87.0,15.0,12.0,0.0,27.0
421005,2025-03,166.0,610.0,776.0,25.0,481.0,506.0,0.0,0.0,0.0,0.0
421005,2025-05,84.0,181.0,265.0,0.0,0.0,0.0,0.0,0.0,0.0,0.0
421005,2025-06,116.0,392.0,508.0,0.0,0.0,0.0,14.0,29.0,2.0,45.0
421005,2025-07,111.0,300.0,411.0,0.0,0.0,0.0,0.0,0.0,0.0,0.0
421005,2025-08,57.0,189.0,246.0,0.0,0.0,0.0,0.0,0.0,0.0,0.0
421005,2025-09,298.0,573.0,871.0,19.0,232.0,251.0,40.0,17.0,1.0,58.0
421005,2025-10,405.0,689.0,1094.0,13.0,298.0,311.0,18.0,8.0,0.0,26.0
421005,2025-11,308.0,899.0,1207.0,35.0,926.0,961.0,40.0,16.0,3.0,59.0
421005,2025-12,231.0,521.0,752.0,44.0,727.0,771.0,25.0,3.0,0.0,28.0
421005,2026-01,15.0,58.0,73.0,4.0,60.0,64.0,5.0,5.0,0.0,10.0
421101,2025-03,123.0,147.0,270.0,19.0,192.0,211.0,0.0,0.0,0.0,0.0
421101,2025-04,92.0,127.0,219.0,0.0,0.0,0.0,0.0,0.0,0.0,0.0
421101,2025-05,65.0,99.0,164.0,0.0,0.0,0.0,0.0,0.0,0.0,0.0
421101,2025-06,66.0,207.0,273.0,0.0,0.0,0.0,7.0,5.0,0.0,12.0
421101,2025-07,64.0,165.0,229.0,0.0,0.0,0.0,0.0,0.0,0.0,0.0
421101,2025-08,51.0,122.0,173.0,0.0,0.0,0.0,0.0,0.0,0.0,0.0
421101,2025-09,234.0,303.0,537.0,13.0,107.0,120.0,21.0,10.0,0.0,31.0
421101,2025-10,184.0,298.0,482.0,10.0,234.0,244.0,17.0,4.0,0.0,21.0
421101,2025-11,380.0,297.0,677.0,19.0,506.0,525.0,29.0,5.0,1.0,35.0
421101,2025-12,106.0,240.0,346.0,17.0,319.0,336.0,7.0,5.0,0.0,12.0
421101,2026-01,25.0,42.0,67.0,1.0,26.0,27.0,5.0,1.0,0.0,6.0
421102,2025-03,0.0,0.0,0.0,47.0,503.0,550.0,0.0,0.0,0.0,0.0
421102,2025-04,216.0,712.0,928.0,0.0,0.0,0.0,0.0,0.0,0.0,0.0
421102,2025-05,137.0,319.0,456.0,0.0,0.0,0.0,0.0,0.0,0.0,0.0
421102,2025-06,127.0,315.0,442.0,0.0,0.0,0.0,25.0,14.0,0.0,39.0
421102,2025-07,145.0,397.0,542.0,0.0,0.0,0.0,0.0,0.0,0.0,0.0
421102,2025-08,127.0,286.0,413.0,0.0,0.0,0.0,0.0,0.0,0.0,0.0
421102,2025-09,298.0,337.0,635.0,35.0,261.0,296.0,69.0,46.0,1.0,116.0
421102,2025-10,249.0,408.0,657.0,28.0,311.0,339.0,37.0,16.0,3.0,56.0
421102,2025-11,342.0,670.0,1012.0,54.0,943.0,997.0,46.0,36.0,2.0,84.0
421102,2025-12,288.0,518.0,806.0,57.0,684.0,741.0,37.0,13.0,1.0,51.0
421102,2026-01,34.0,48.0,82.0,1.0,44.0,45.0,10.0,6.0,0.0,16.0
421103,2025-03,0.0,0.0,0.0,13.0,159.0,172.0,0.0,0.0,0.0,0.0
421103,2025-04,30.0,92.0,122.0,0.0,0.0,0.0,0.0,0.0,0.0,0.0
421103,2025-05,49.0,85.0,134.0,0.0,0.0,0.0,0.0,0.0,0.0,0.0
421103,2025-06,31.0,55.0,86.0,0.0,0.0,0.0,9.0,2.0,0.0,11.0
421103,2025-07,56.0,131.0,187.0,0.0,0.0,0.0,0.0,0.0,0.0,0.0
421103,2025-08,27.0,76.0,103.0,0.0,0.0,0.0,0.0,0.0,0.0,0.0
421103,2025-09,76.0,145.0,221.0,10.0,87.0,97.0,8.0,3.0,0.0,11.0
421103,2025-10,70.0,146.0,216.0,7.0,78.0,85.0,6.0,0.0,0.0,6.0
421103,2025-11,87.0,170.0,257.0,21.0,252.0,273.0,19.0,1.0,1.0,21.0
421103,2025-12,101.0,206.0,307.0,15.0,204.0,219.0,4.0,2.0,0.0,6.0
421103,2026-01,11.0,22.0,33.0,2.0,13.0,15.0,1.0,1.0,0.0,2.0
421201,2025-03,0.0,0.0,0.0,157.0,1539.0,1696.0,0.0,0.0,0.0,0.0
421201,2025-04,461.0,1097.0,1558.0,0.0,0.0,0.0,0.0,0.0,0.0,0.0
421201,2025-05,1335.0,2563.0,3898.0,0.0,0.0,0.0,0.0,0.0,0.0,0.0
421201,2025-06,404.0,1028.0,1432.0,0.0,0.0,0.0,16.0,52.0,4.0,72.0
421201,2025-07,692.0,1513.0,2205.0,0.0,0.0,0.0,0.0,0.0,0.0,0.0
421201,2025-08,379.0,1281.0,1660.0,0.0,0.0,0.0,0.0,0.0,0.0,0.0
421201,2025-09,932.0,1270.0,2202.0,75.0,804.0,879.0,152.0,98.0,1.0,251.0
421201,2025-10,497.0,1322.0,1819.0,54.0,605.0,659.0,72.0,34.0,2.0,108.0
421201,2025-11,614.0,1836.0,2450.0,110.0,1791.0,1901.0,119.0,30.0,2.0,151.0
421201,2025-12,813.0,1560.0,2373.0,151.0,1774.0,1925.0,79.0,21.0,0.0,100.0
421201,2026-01,130.0,247.0,377.0,9.0,122.0,131.0,23.0,15.0,1.0,39.0
421202,2025-03,0.0,0.0,0.0,122.0,1393.0,1515.0,0.0,0.0,0.0,0.0
421202,2025-04,291.0,526.0,817.0,0.0,0.0,0.0,0.0,0.0,0.0,0.0
421202,2025-05,104.0,167.0,271.0,0.0,0.0,0.0,0.0,0.0,0.0,0.0
421202,2025-06,366.0,856.0,1222.0,0.0,0.0,0.0,33.0,37.0,1.0,71.0
421202,2025-07,433.0,1076.0,1509.0,0.0,0.0,0.0,0.0,0.0,0.0,0.0
421202,2025-08,375.0,820.0,1195.0,0.0,0.0,0.0,0.0,0.0,0.0,0.0
421202,2025-09,822.0,1167.0,1989.0,54.0,539.0,593.0,91.0,59.0,0.0,150.0
421202,2025-10,917.0,808.0,1725.0,61.0,535.0,596.0,66.0,24.0,1.0,91.0
421202,2025-11,977.0,1604.0,2581.0,122.0,1673.0,1795.0,152.0,32.0,0.0,184.0
421202,2025-12,611.0,1329.0,1940.0,122.0,1502.0,1624.0,67.0,15.0,0.0,82.0
421202,2026-01,100.0,125.0,225.0,8.0,102.0,110.0,20.0,3.0,1.0,24.0
421203,2025-03,95.0,227.0,322.0,36.0,490.0,526.0,0.0,0.0,0.0,0.0
421203,2025-04,93.0,213.0,306.0,0.0,0.0,0.0,0.0,0.0,0.0,0.0
421203,2025-05,163.0,345.0,508.0,0.0,0.0,0.0,0.0,0.0,0.0,0.0
421203,2025-06,61.0,201.0,262.0,0.0,0.0,0.0,5.0,11.0,0.0,16.0
421203,2025-07,74.0,168.0,242.0,0.0,0.0,0.0,0.0,0.0,0.0,0.0
421203,2025-08,107.0,315.0,422.0,0.0,0.0,0.0,0.0,0.0,0.0,0.0
421203,2025-09,375.0,488.0,863.0,29.0,198.0,227.0,53.0,33.0,2.0,88.0
421203,2025-10,191.0,350.0,541.0,13.0,152.0,165.0,17.0,11.0,1.0,29.0
421203,2025-11,134.0,415.0,549.0,35.0,508.0,543.0,31.0,18.0,0.0,49.0
421203,2025-12,223.0,420.0,643.0,40.0,431.0,471.0,34.0,11.0,0.0,45.0
421203,2026-01,13.0,28.0,41.0,7.0,20.0,27.0,9.0,2.0,0.0,11.0
421204,2025-03,229.0,692.0,921.0,124.0,1354.0,1478.0,0.0,0.0,0.0,0.0
421204,2025-04,280.0,668.0,948.0,110.0,1199.0,1309.0,0.0,0.0,0.0,0.0
421204,2025-05,761.0,1494.0,2255.0,131.0,1300.0,1431.0,0.0,0.0,0.0,0.0
421204,2025-06,334.0,797.0,1131.0,0.0,0.0,0.0,21.0,43.0,0.0,64.0
421204,2025-07,294.0,702.0,996.0,181.0,1551.0,1732.0,0.0,0.0,0.0,0.0
421204,2025-08,268.0,731.0,999.0,0.0,0.0,0.0,0.0,0.0,0.0,0.0
421204,2025-09,787.0,1234.0,2021.0,65.0,738.0,803.0,100.0,63.0,2.0,165.0
421204,2025-10,753.0,1260.0,2013.0,60.0,608.0,668.0,78.0,27.0,0.0,105.0
421204,2025-11,625.0,1479.0,2104.0,183.0,1713.0,1896.0,137.0,45.0,1.0,183.0
421204,2025-12,644.0,1309.0,1953.0,183.0,1670.0,1853.0,95.0,23.0,0.0,118.0
421204,2026-01,68.0,200.0,268.0,23.0,104.0,127.0,20.0,18.0,1.0,39.0
421301,2025-03,835.0,2076.0,2911.0,263.0,3198.0,3461.0,0.0,0.0,0.0,0.0
421301,2025-04,2312.0,4612.0,6924.0,301.0,2490.0,2791.0,360.0,124.0,12.0,496.0
421301,2025-05,2083.0,3470.0,5553.0,372.0,2336.0,2708.0,0.0,0.0,0.0,0.0
421301,2025-06,1248.0,2557.0,3805.0,376.0,2452.0,2828.0,106.0,102.0,3.0,211.0
421301,2025-07,1351.0,3208.0,4559.0,369.0,3152.0,3521.0,678.0,338.0,10.0,1026.0
421301,2025-08,818.0,1882.0,2700.0,0.0,0.0,0.0,0.0,0.0,0.0,0.0
421301,2025-09,2447.0,2459.0,4906.0,241.0,1770.0,2011.0,403.0,179.0,4.0,586.0
421301,2025-10,3513.0,4517.0,8030.0,161.0,2459.0,2620.0,273.0,78.0,0.0,351.0
421301,2025-11,3272.0,4553.0,7825.0,401.0,6440.0,6841.0,402.0,122.0,8.0,532.0
421301,2025-12,3170.0,4733.0,7903.0,347.0,4519.0,4866.0,274.0,41.0,5.0,320.0
421301,2026-01,395.0,637.0,1032.0,26.0,269.0,295.0,73.0,31.0,2.0,106.0
421302,2025-03,0.0,0.0,0.0,392.0,4257.0,4649.0,0.0,0.0,0.0,0.0
421302,2025-04,1225.0,2733.0,3958.0,325.0,3750.0,4075.0,545.0,186.0,17.0,748.0
421302,2025-05,2313.0,4726.0,7039.0,455.0,4290.0,4745.0,547.0,265.0,20.0,832.0
421302,2025-06,1310.0,3127.0,4437.0,466.0,4127.0,4593.0,711.0,680.0,16.0,1407.0
421302,2025-07,1672.0,4599.0,6271.0,593.0,5638.0,6231.0,1309.0,905.0,24.0,2238.0
421302,2025-08,2012.0,4755.0,6767.0,0.0,0.0,0.0,0.0,0.0,0.0,0.0
421302,2025-09,3661.0,4400.0,8061.0,322.0,2865.0,3187.0,803.0,352.0,13.0,1168.0
421302,2025-10,4062.0,9314.0,13376.0,251.0,4289.0,4540.0,442.0,139.0,10.0,591.0
421302,2025-11,4759.0,8703.0,13462.0,479.0,10318.0,10797.0,574.0,185.0,18.0,777.0
421302,2025-12,3817.0,6635.0,10452.0,582.0,7480.0,8062.0,435.0,78.0,5.0,518.0
421302,2026-01,594.0,1354.0,1948.0,30.0,469.0,499.0,95.0,46.0,0.0,141.0
421303,2025-05,10.0,481.0,491.0,0.0,0.0,0.0,0.0,0.0,0.0,0.0
421303,2025-06,7.0,208.0,215.0,0.0,0.0,0.0,9.0,6.0,1.0,16.0
421303,2025-07,11.0,178.0,189.0,0.0,0.0,0.0,0.0,0.0,0.0,0.0
421303,2025-08,5.0,121.0,126.0,0.0,0.0,0.0,0.0,0.0,0.0,0.0
421303,2025-09,46.0,235.0,281.0,2.0,208.0,210.0,19.0,20.0,0.0,39.0
421303,2025-10,18.0,296.0,314.0,4.0,546.0,550.0,11.0,2.0,0.0,13.0
421303,2025-11,27.0,338.0,365.0,1.0,1301.0,1302.0,7.0,2.0,0.0,9.0
421303,2025-12,15.0,279.0,294.0,3.0,614.0,617.0,9.0,0.0,0.0,9.0
421303,2026-01,3.0,42.0,45.0,1.0,41.0,42.0,2.0,2.0,0.0,4.0
421304,2025-05,0.0,1.0,1.0,0.0,0.0,0.0,0.0,0.0,0.0,0.0
421304,2025-06,0.0,11.0,11.0,0.0,0.0,0.0,1.0,0.0,0.0,1.0
421304,2025-07,0.0,6.0,6.0,0.0,0.0,0.0,0.0,0.0,0.0,0.0
421304,2025-08,0.0,8.0,8.0,0.0,0.0,0.0,0.0,0.0,0.0,0.0
421304,2025-09,0.0,5.0,5.0,0.0,2.0,2.0,0.0,1.0,0.0,1.0
421304,2025-10,0.0,13.0,13.0,0.0,1.0,1.0,0.0,0.0,0.0,0.0
421304,2025-11,0.0,23.0,23.0,0.0,10.0,10.0,1.0,0.0,0.0,1.0
421304,2025-12,0.0,4.0,4.0,0.0,7.0,7.0,0.0,0.0,0.0,0.0
421304,2026-01,0.0,0.0,0.0,0.0,2.0,2.0,0.0,0.0,0.0,0.0
421305,2025-03,206.0,516.0,722.0,81.0,827.0,908.0,0.0,0.0,0.0,0.0
421305,2025-04,285.0,577.0,862.0,0.0,0.0,0.0,0.0,0.0,0.0,0.0
421305,2025-05,868.0,1578.0,2446.0,0.0,0.0,0.0,0.0,0.0,0.0,0.0
421305,2025-06,233.0,526.0,759.0,0.0,0.0,0.0,38.0,52.0,0.0,90.0
421305,2025-07,356.0,739.0,1095.0,0.0,0.0,0.0,0.0,0.0,0.0,0.0
421305,2025-08,289.0,642.0,931.0,0.0,0.0,0.0,0.0,0.0,0.0,0.0
421305,2025-09,636.0,788.0,1424.0,69.0,636.0,705.0,97.0,61.0,0.0,158.0
421305,2025-10,681.0,1441.0,2122.0,44.0,805.0,849.0,74.0,19.0,0.0,93.0
421305,2025-11,813.0,1394.0,2207.0,104.0,1799.0,1903.0,97.0,31.0,4.0,132.0
421305,2025-12,1111.0,1508.0,2619.0,86.0,1261.0,1347.0,61.0,22.0,1.0,84.0
421305,2026-01,72.0,91.0,163.0,7.0,60.0,67.0,14.0,4.0,1.0,19.0
421306,2025-03,0.0,0.0,0.0,242.0,2325.0,2567.0,0.0,0.0,0.0,0.0
421306,2025-04,1396.0,3180.0,4576.0,0.0,0.0,0.0,220.0,98.0,11.0,329.0
421306,2025-05,1191.0,2357.0,3548.0,0.0,0.0,0.0,0.0,0.0,0.0,0.0
421306,2025-06,813.0,2331.0,3144.0,272.0,1828.0,2100.0,62.0,82.0,2.0,146.0
421306,2025-07,578.0,1647.0,2225.0,284.0,2101.0,2385.0,385.0,304.0,10.0,699.0
421306,2025-08,560.0,1476.0,2036.0,0.0,0.0,0.0,0.0,0.0,0.0,0.0
421306,2025-09,2031.0,2659.0,4690.0,178.0,1226.0,1404.0,238.0,139.0,3.0,380.0
421306,2025-10,1072.0,1870.0,2942.0,139.0,1111.0,1250.0,115.0,83.0,1.0,199.0
421306,2025-11,1646.0,2534.0,4180.0,325.0,3467.0,3792.0,219.0,112.0,3.0,334.0
421306,2025-12,1352.0,2675.0,4027.0,332.0,2856.0,3188.0,136.0,36.0,1.0,173.0
421306,2026-01,95.0,207.0,302.0,20.0,185.0,205.0,30.0,27.0,0.0,57.0
421308,2025-03,96.0,272.0,368.0,18.0,299.0,317.0,0.0,0.0,0.0,0.0
421308,2025-05,87.0,184.0,271.0,0.0,0.0,0.0,0.0,0.0,0.0,0.0
421308,2025-06,135.0,368.0,503.0,0.0,0.0,0.0,10.0,19.0,0.0,29.0
421308,2025-07,163.0,394.0,557.0,0.0,0.0,0.0,0.0,0.0,0.0,0.0
421308,2025-08,133.0,316.0,449.0,0.0,0.0,0.0,0.0,0.0,0.0,0.0
421308,2025-09,297.0,478.0,775.0,26.0,225.0,251.0,48.0,20.0,0.0,68.0
421308,2025-10,332.0,932.0,1264.0,19.0,396.0,415.0,45.0,10.0,1.0,56.0
421308,2025-11,579.0,671.0,1250.0,26.0,834.0,860.0,42.0,11.0,5.0,58.0
421308,2025-12,279.0,472.0,751.0,39.0,575.0,614.0,37.0,6.0,0.0,43.0
421308,2026-01,11.0,27.0,38.0,1.0,30.0,31.0,12.0,2.0,0.0,14.0
421311,2025-03,52.0,131.0,183.0,39.0,353.0,392.0,0.0,0.0,0.0,0.0
421311,2025-04,118.0,348.0,466.0,0.0,0.0,0.0,0.0,0.0,0.0,0.0
421311,2025-05,315.0,406.0,721.0,0.0,0.0,0.0,0.0,0.0,0.0,0.0
421311,2025-06,88.0,150.0,238.0,0.0,0.0,0.0,11.0,9.0,1.0,21.0
421311,2025-07,77.0,176.0,253.0,0.0,0.0,0.0,0.0,0.0,0.0,0.0
421311,2025-08,67.0,155.0,222.0,0.0,0.0,0.0,0.0,0.0,0.0,0.0
421311,2025-09,391.0,360.0,751.0,15.0,154.0,169.0,31.0,19.0,3.0,53.0
421311,2025-10,202.0,308.0,510.0,22.0,238.0,260.0,26.0,15.0,1.0,42.0
421311,2025-11,230.0,688.0,918.0,22.0,653.0,675.0,49.0,13.0,1.0,63.0
421311,2025-12,229.0,483.0,712.0,37.0,423.0,460.0,27.0,6.0,0.0,33.0
421311,2026-01,30.0,65.0,95.0,5.0,30.0,35.0,4.0,3.0,0.0,7.0
421312,2025-05,4.0,99.0,103.0,0.0,0.0,0.0,0.0,0.0,0.0,0.0
421312,2025-06,19.0,301.0,320.0,0.0,0.0,0.0,3.0,3.0,0.0,6.0
421312,2025-07,9.0,193.0,202.0,0.0,0.0,0.0,0.0,0.0,0.0,0.0
421312,2025-08,6.0,120.0,126.0,0.0,0.0,0.0,0.0,0.0,0.0,0.0
421312,2025-09,18.0,162.0,180.0,2.0,100.0,102.0,12.0,11.0,0.0,23.0
421312,2025-10,7.0,247.0,254.0,2.0,275.0,277.0,9.0,1.0,0.0,10.0
421312,2025-11,15.0,321.0,336.0,0.0,684.0,684.0,5.0,3.0,0.0,8.0
421312,2025-12,13.0,198.0,211.0,1.0,319.0,320.0,4.0,0.0,0.0,4.0
421312,2026-01,6.0,34.0,40.0,0.0,16.0,16.0,2.0,4.0,0.0,6.0
421401,2025-03,0.0,0.0,0.0,53.0,990.0,1043.0,0.0,0.0,0.0,0.0
421401,2025-04,294.0,670.0,964.0,0.0,0.0,0.0,0.0,0.0,0.0,0.0
421401,2025-05,340.0,793.0,1133.0,0.0,0.0,0.0,0.0,0.0,0.0,0.0
421401,2025-06,319.0,736.0,1055.0,0.0,0.0,0.0,52.0,31.0,1.0,84.0
421401,2025-07,297.0,637.0,934.0,0.0,0.0,0.0,0.0,0.0,0.0,0.0
421401,2025-08,198.0,424.0,622.0,0.0,0.0,0.0,0.0,0.0,0.0,0.0
421401,2025-09,829.0,675.0,1504.0,40.0,612.0,652.0,100.0,37.0,0.0,137.0
421401,2025-10,637.0,852.0,1489.0,40.0,2694.0,2734.0,59.0,14.0,0.0,73.0
421401,2025-11,764.0,849.0,1613.0,76.0,5902.0,5978.0,56.0,12.0,0.0,68.0
421401,2025-12,639.0,1155.0,1794.0,64.0,1705.0,1769.0,69.0,11.0,5.0,85.0
421401,2026-01,30.0,43.0,73.0,1.0,76.0,77.0,22.0,11.0,0.0,33.0
421402,2025-03,82.0,224.0,306.0,12.0,278.0,290.0,0.0,0.0,0.0,0.0
421402,2025-05,137.0,325.0,462.0,0.0,0.0,0.0,0.0,0.0,0.0,0.0
421402,2025-06,260.0,425.0,685.0,0.0,0.0,0.0,15.0,19.0,0.0,34.0
421402,2025-07,119.0,216.0,335.0,0.0,0.0,0.0,0.0,0.0,0.0,0.0
421402,2025-08,34.0,147.0,181.0,0.0,0.0,0.0,0.0,0.0,0.0,0.0
421402,2025-09,194.0,187.0,381.0,16.0,180.0,196.0,33.0,6.0,0.0,39.0
421402,2025-10,127.0,334.0,461.0,8.0,896.0,904.0,15.0,10.0,0.0,25.0
421402,2025-11,245.0,315.0,560.0,19.0,2386.0,2405.0,22.0,11.0,0.0,33.0
421402,2025-12,127.0,260.0,387.0,4.0,551.0,555.0,23.0,4.0,2.0,29.0
421402,2026-01,11.0,21.0,32.0,0.0,29.0,29.0,3.0,2.0,0.0,5.0
421403,2025-03,91.0,137.0,228.0,10.0,256.0,266.0,0.0,0.0,0.0,0.0
421403,2025-04,44.0,82.0,126.0,0.0,0.0,0.0,0.0,0.0,0.0,0.0
421403,2025-05,56.0,90.0,146.0,0.0,0.0,0.0,0.0,0.0,0.0,0.0
421403,2025-06,247.0,289.0,536.0,0.0,0.0,0.0,26.0,14.0,0.0,40.0
421403,2025-07,146.0,182.0,328.0,0.0,0.0,0.0,0.0,0.0,0.0,0.0
421403,2025-08,63.0,172.0,235.0,0.0,0.0,0.0,0.0,0.0,0.0,0.0
421403,2025-09,216.0,159.0,375.0,18.0,164.0,182.0,37.0,11.0,0.0,48.0
421403,2025-10,325.0,254.0,579.0,5.0,602.0,607.0,15.0,11.0,0.0,26.0
421403,2025-11,485.0,336.0,821.0,33.0,1447.0,1480.0,78.0,6.0,0.0,84.0
421403,2025-12,133.0,222.0,355.0,20.0,494.0,514.0,20.0,2.0,0.0,22.0
421403,2026-01,13.0,21.0,34.0,0.0,33.0,33.0,8.0,3.0,0.0,11.0
421501,2025-03,265.0,731.0,996.0,79.0,1439.0,1518.0,0.0,0.0,0.0,0.0
421501,2025-04,311.0,688.0,999.0,0.0,0.0,0.0,146.0,46.0,15.0,207.0
421501,2025-05,464.0,802.0,1266.0,0.0,0.0,0.0,0.0,0.0,0.0,0.0
421501,2025-06,221.0,487.0,708.0,0.0,0.0,0.0,198.0,142.0,42.0,382.0
421501,2025-07,285.0,616.0,901.0,0.0,0.0,0.0,181.0,137.0,36.0,354.0
421501,2025-08,399.0,733.0,1132.0,0.0,0.0,0.0,0.0,0.0,0.0,0.0
421501,2025-09,571.0,891.0,1462.0,96.0,744.0,840.0,114.0,57.0,1.0,172.0
421501,2025-10,658.0,1321.0,1979.0,46.0,660.0,706.0,83.0,24.0,1.0,108.0
421501,2025-11,889.0,1452.0,2341.0,95.0,1827.0,1922.0,113.0,45.0,5.0,163.0
421501,2025-12,626.0,1000.0,1626.0,141.0,1546.0,1687.0,71.0,17.0,3.0,91.0
421501,2026-01,88.0,123.0,211.0,11.0,131.0,142.0,33.0,12.0,0.0,45.0
421502,2025-03,25.0,63.0,88.0,0.0,0.0,0.0,0.0,0.0,0.0,0.0
421502,2025-04,29.0,62.0,91.0,0.0,0.0,0.0,0.0,0.0,0.0,0.0
421502,2025-05,20.0,20.0,40.0,0.0,0.0,0.0,0.0,0.0,0.0,0.0
421502,2025-06,18.0,37.0,55.0,0.0,0.0,0.0,0.0,0.0,0.0,0.0
421502,2025-07,28.0,68.0,96.0,0.0,0.0,0.0,0.0,0.0,0.0,0.0
421502,2025-08,11.0,32.0,43.0,0.0,0.0,0.0,0.0,0.0,0.0,0.0
421502,2025-09,42.0,77.0,119.0,6.0,43.0,49.0,5.0,2.0,0.0,7.0
421502,2025-10,58.0,115.0,173.0,3.0,44.0,47.0,8.0,0.0,0.0,8.0
421502,2025-11,80.0,112.0,192.0,6.0,112.0,118.0,4.0,3.0,0.0,7.0
421502,2025-12,64.0,152.0,216.0,6.0,94.0,100.0,4.0,0.0,0.0,4.0
421502,2026-01,7.0,10.0,17.0,3.0,5.0,8.0,4.0,0.0,0.0,4.0
421503,2025-03,403.0,1227.0,1630.0,136.0,1941.0,2077.0,19.0,13.0,15.0,47.0
421503,2025-04,568.0,1148.0,1716.0,0.0,0.0,0.0,226.0,62.0,23.0,311.0
421503,2025-05,1601.0,2717.0,4318.0,187.0,1359.0,1546.0,159.0,95.0,19.0,273.0
421503,2025-06,528.0,1224.0,1752.0,0.0,0.0,0.0,362.0,260.0,35.0,657.0
421503,2025-07,625.0,1440.0,2065.0,0.0,0.0,0.0,361.0,322.0,27.0,710.0
421503,2025-08,526.0,1290.0,1816.0,0.0,0.0,0.0,0.0,0.0,0.0,0.0
421503,2025-09,1292.0,1742.0,3034.0,110.0,999.0,1109.0,168.0,149.0,0.0,317.0
421503,2025-10,1554.0,2358.0,3912.0,81.0,1246.0,1327.0,113.0,54.0,0.0,167.0
421503,2025-11,1914.0,2547.0,4461.0,218.0,3599.0,3817.0,156.0,104.0,0.0,260.0
421503,2025-12,995.0,2016.0,3011.0,234.0,2581.0,2815.0,142.0,47.0,4.0,193.0
421503,2026-01,142.0,191.0,333.0,22.0,166.0,188.0,66.0,19.0,4.0,89.0
421505,2025-03,0.0,0.0,0.0,42.0,470.0,512.0,0.0,0.0,0.0,0.0
421505,2025-04,276.0,556.0,832.0,0.0,0.0,0.0,0.0,0.0,0.0,0.0
421505,2025-05,223.0,313.0,536.0,0.0,0.0,0.0,0.0,0.0,0.0,0.0
421505,2025-06,176.0,214.0,390.0,0.0,0.0,0.0,11.0,11.0,0.0,22.0
421505,2025-07,181.0,337.0,518.0,0.0,0.0,0.0,0.0,0.0,0.0,0.0
421505,2025-08,102.0,190.0,292.0,0.0,0.0,0.0,0.0,0.0,0.0,0.0
421505,2025-09,163.0,155.0,318.0,35.0,237.0,272.0,25.0,14.0,0.0,39.0
421505,2025-10,252.0,457.0,709.0,22.0,244.0,266.0,42.0,7.0,1.0,50.0
421505,2025-11,519.0,580.0,1099.0,53.0,622.0,675.0,42.0,17.0,0.0,59.0
421505,2025-12,282.0,345.0,627.0,34.0,515.0,549.0,15.0,1.0,0.0,16.0
421505,2026-01,80.0,62.0,142.0,4.0,36.0,40.0,8.0,2.0,0.0,10.0
421506,2025-03,0.0,0.0,0.0,10.0,76.0,86.0,0.0,0.0,0.0,0.0
421506,2025-05,27.0,34.0,61.0,0.0,0.0,0.0,0.0,0.0,0.0,0.0
421506,2025-06,21.0,74.0,95.0,0.0,0.0,0.0,2.0,0.0,1.0,3.0
421506,2025-07,14.0,42.0,56.0,0.0,0.0,0.0,0.0,0.0,0.0,0.0
421506,2025-08,8.0,32.0,40.0,0.0,0.0,0.0,0.0,0.0,0.0,0.0
421506,2025-09,31.0,55.0,86.0,3.0,50.0,53.0,6.0,3.0,0.0,9.0
421506,2025-10,22.0,60.0,82.0,4.0,20.0,24.0,3.0,1.0,1.0,5.0
421506,2025-11,61.0,61.0,122.0,1.0,108.0,109.0,8.0,2.0,0.0,10.0
421506,2025-12,39.0,47.0,86.0,3.0,76.0,79.0,2.0,1.0,0.0,3.0
421506,2026-01,5.0,5.0,10.0,0.0,2.0,2.0,0.0,0.0,0.0,0.0
421601,2025-03,316.0,441.0,757.0,55.0,1028.0,1083.0,0.0,0.0,0.0,0.0
421601,2025-04,464.0,644.0,1108.0,0.0,0.0,0.0,0.0,0.0,0.0,0.0
421601,2025-05,140.0,197.0,337.0,0.0,0.0,0.0,0.0,0.0,0.0,0.0
421601,2025-06,589.0,930.0,1519.0,0.0,0.0,0.0,58.0,47.0,3.0,108.0
421601,2025-07,704.0,919.0,1623.0,0.0,0.0,0.0,0.0,0.0,0.0,0.0
421601,2025-08,191.0,334.0,525.0,0.0,0.0,0.0,0.0,0.0,0.0,0.0
421601,2025-09,923.0,770.0,1693.0,54.0,514.0,568.0,195.0,50.0,2.0,247.0
421601,2025-10,688.0,895.0,1583.0,48.0,1369.0,1417.0,66.0,19.0,0.0,85.0
421601,2025-11,1382.0,1063.0,2445.0,72.0,4409.0,4481.0,101.0,17.0,1.0,119.0
421601,2025-12,564.0,759.0,1323.0,109.0,1842.0,1951.0,75.0,7.0,0.0,82.0
421601,2026-01,81.0,68.0,149.0,9.0,107.0,116.0,32.0,4.0,0.0,36.0
421602,2025-03,162.0,474.0,636.0,0.0,0.0,0.0,0.0,0.0,0.0,0.0
421602,2025-04,97.0,200.0,297.0,0.0,0.0,0.0,0.0,0.0,0.0,0.0
421602,2025-05,263.0,418.0,681.0,0.0,0.0,0.0,0.0,0.0,0.0,0.0
421602,2025-06,451.0,681.0,1132.0,0.0,0.0,0.0,13.0,22.0,0.0,35.0
421602,2025-07,311.0,510.0,821.0,0.0,0.0,0.0,0.0,0.0,0.0,0.0
421602,2025-08,164.0,445.0,609.0,0.0,0.0,0.0,0.0,0.0,0.0,0.0
421602,2025-09,667.0,537.0,1204.0,17.0,145.0,162.0,57.0,41.0,1.0,99.0
421602,2025-10,253.0,837.0,1090.0,14.0,368.0,382.0,20.0,16.0,0.0,36.0
421602,2025-11,238.0,914.0,1152.0,15.0,1140.0,1155.0,56.0,22.0,0.0,78.0
421602,2025-12,157.0,598.0,755.0,13.0,513.0,526.0,39.0,6.0,0.0,45.0
421602,2026-01,18.0,36.0,54.0,2.0,34.0,36.0,19.0,16.0,0.0,35.0
421603,2025-03,62.0,58.0,120.0,0.0,0.0,0.0,0.0,0.0,0.0,0.0
421603,2025-04,12.0,23.0,35.0,0.0,0.0,0.0,0.0,0.0,0.0,0.0
421603,2025-05,14.0,32.0,46.0,0.0,0.0,0.0,0.0,0.0,0.0,0.0
421603,2025-06,63.0,132.0,195.0,0.0,0.0,0.0,4.0,7.0,0.0,11.0
421603,2025-07,33.0,38.0,71.0,0.0,0.0,0.0,0.0,0.0,0.0,0.0
421603,2025-08,12.0,31.0,43.0,0.0,0.0,0.0,0.0,0.0,0.0,0.0
421603,2025-09,49.0,65.0,114.0,1.0,29.0,30.0,8.0,6.0,0.0,14.0
421603,2025-10,37.0,83.0,120.0,3.0,75.0,78.0,3.0,3.0,0.0,6.0
421603,2025-11,57.0,104.0,161.0,3.0,226.0,229.0,6.0,0.0,0.0,6.0
421603,2025-12,27.0,49.0,76.0,5.0,82.0,87.0,5.0,0.0,0.0,5.0
421603,2026-01,0.0,2.0,2.0,0.0,5.0,5.0,0.0,0.0,0.0,0.0
421604,2025-05,0.0,13.0,13.0,0.0,0.0,0.0,0.0,0.0,0.0,0.0
421604,2025-06,0.0,32.0,32.0,0.0,0.0,0.0,1.0,0.0,0.0,1.0
421604,2025-07,0.0,46.0,46.0,0.0,0.0,0.0,0.0,0.0,0.0,0.0
421604,2025-08,0.0,40.0,40.0,0.0,0.0,0.0,0.0,0.0,0.0,0.0
421604,2025-09,1.0,36.0,37.0,0.0,14.0,14.0,1.0,0.0,0.0,1.0
421604,2025-10,1.0,62.0,63.0,1.0,24.0,25.0,0.0,1.0,0.0,1.0
421604,2025-11,0.0,82.0,82.0,0.0,81.0,81.0,1.0,0.0,0.0,1.0
421604,2025-12,3.0,63.0,66.0,0.0,54.0,54.0,3.0,0.0,0.0,3.0
421604,2026-01,0.0,8.0,8.0,0.0,4.0,4.0,0.0,0.0,0.0,0.0
421605,2025-03,0.0,0.0,0.0,55.0,652.0,707.0,0.0,0.0,0.0,0.0
421605,2025-04,117.0,211.0,328.0,0.0,0.0,0.0,0.0,0.0,0.0,0.0
421605,2025-05,379.0,639.0,1018.0,0.0,0.0,0.0,0.0,0.0,0.0,0.0
421605,2025-06,130.0,227.0,357.0,0.0,0.0,0.0,6.0,15.0,1.0,22.0
421605,2025-07,153.0,380.0,533.0,0.0,0.0,0.0,0.0,0.0,0.0,0.0
421605,2025-08,150.0,226.0,376.0,0.0,0.0,0.0,0.0,0.0,0.0,0.0
421605,2025-09,496.0,469.0,965.0,44.0,346.0,390.0,80.0,59.0,0.0,139.0
421605,2025-10,344.0,487.0,831.0,25.0,378.0,403.0,55.0,30.0,0.0,85.0
421605,2025-11,363.0,596.0,959.0,93.0,1058.0,1151.0,66.0,37.0,1.0,104.0
421605,2025-12,411.0,662.0,1073.0,90.0,887.0,977.0,30.0,16.0,2.0,48.0
421605,2026-01,34.0,50.0,84.0,4.0,70.0,74.0,16.0,7.0,0.0,23.0
