pincode,month,total_monthly_count,bio_updates,demo_updates,enrollments,num_recorded_days,count_active_days
400601,2025-03,1157,0,1157,0,1,1
400601,2025-04,2111,1224,887,0,1,1
400601,2025-05,1821,1697,0,124,7,7
400601,2025-06,922,835,0,87,17,17
400601,2025-07,1319,1319,0,0,20,20
400601,2025-08,941,941,0,0,19,19
400601,2025-09,2817,1683,910,224,30,30
400601,2025-10,2007,1315,595,97,25,25
400601,2025-11,4767,2751,1800,216,30,30
400601,2025-12,4412,2645,1676,91,30,30
400601,2026-01,334,210,91,33,3,3
400602,2025-03,494,0,494,0,1,1
400602,2025-04,361,361,0,0,1,1
400602,2025-05,510,510,0,0,9,9
400602,2025-06,293,278,0,15,18,18
400602,2025-07,286,286,0,0,17,17
400602,2025-08,346,346,0,0,20,20
400602,2025-09,930,562,324,44,28,28
400602,2025-10,586,377,189,20,30,30
400602,2025-11,1291,649,597,45,30,30
400602,2025-12,1258,687,529,42,30,30
400602,2026-01,135,86,41,8,3,3
400603,2025-03,1270,732,538,0,1,1
400603,2025-04,423,423,0,0,1,1
400603,2025-05,1115,1115,0,0,7,7
400603,2025-06,396,368,0,28,21,21
400603,2025-07,401,401,0,0,21,21
400603,2025-08,169,169,0,0,16,16
400603,2025-09,1051,781,228,42,29,29
400603,2025-10,689,543,118,28,24,24
400603,2025-11,1168,742,396,30,30,30
400603,2025-12,1069,624,423,22,30,30
400603,2026-01,88,70,15,3,3,3
400604,2025-03,3576,1917,1659,0,1,1
400604,2025-04,1653,1653,0,0,1,1
400604,2025-05,2524,2524,0,0,7,7
400604,2025-06,2640,2002,0,638,26,26
400604,2025-07,2050,2050,0,0,20,20
400604,2025-08,1627,1627,0,0,23,23
400604,2025-09,3286,2274,800,212,29,29
400604,2025-10,3841,2905,792,144,27,27
400604,2025-11,7568,4897,2366,305,30,30
400604,2025-12,7484,4826,2486,172,30,30
400604,2026-01,329,151,151,27,3,3
400605,2025-03,6050,2922,3128,0,1,1
400605,2025-04,3154,3154,0,0,1,1
400605,2025-05,3622,2395,1227,0,10,10
400605,2025-06,1818,1692,0,126,18,18
400605,2025-07,2250,2250,0,0,23,23
400605,2025-08,1595,1595,0,0,20,20
400605,2025-09,3002,1794,989,219,30,30
400605,2025-10,3318,2341,854,123,29,29
400605,2025-11,5910,3487,2195,228,30,30
400605,2025-12,4876,2579,2172,125,30,30
400605,2026-01,247,83,133,31,3,3
400606,2025-03,4510,2264,2246,0,1,1
400606,2025-04,1174,1174,0,0,1,1
400606,2025-05,801,801,0,0,7,7
400606,2025-06,1391,1314,0,77,21,21
400606,2025-07,3103,1181,1922,0,18,18
400606,2025-08,911,911,0,0,19,19
400606,2025-09,3287,2418,734,135,30,30
400606,2025-10,2253,1770,396,87,29,29
400606,2025-11,4643,2946,1510,187,30,30
400606,2025-12,4398,2786,1512,100,30,30
400606,2026-01,327,238,71,18,3,3
400607,2025-03,2080,876,1204,0,1,1
400607,2025-04,1042,914,0,128,1,1
400607,2025-05,1229,1229,0,0,6,6
400607,2025-06,2971,816,2078,77,21,21
400607,2025-07,746,746,0,0,15,15
400607,2025-08,918,918,0,0,27,27
400607,2025-09,3483,2184,1065,234,29,29
400607,2025-10,2345,1638,588,119,30,30
400607,2025-11,3353,1584,1622,147,30,30
400607,2025-12,2877,1121,1643,113,30,30
400607,2026-01,313,164,130,19,3,3
400608,2025-03,450,122,328,0,1,1
400608,2025-04,147,147,0,0,1,1
400608,2025-05,408,408,0,0,6,6
400608,2025-06,180,164,0,16,19,19
400608,2025-07,144,144,0,0,20,20
400608,2025-08,126,126,0,0,17,17
400608,2025-09,517,263,223,31,28,28
400608,2025-10,517,311,187,19,27,27
400608,2025-11,845,293,511,41,30,30
400608,2025-12,903,296,581,26,30,30
400608,2026-01,89,43,33,13,3,3
400610,2025-03,493,0,493,0,1,1
400610,2025-04,435,435,0,0,1,1
400610,2025-05,1086,1086,0,0,8,8
400610,2025-06,509,485,0,24,25,25
400610,2025-07,400,400,0,0,16,16
400610,2025-08,361,361,0,0,23,23
400610,2025-09,902,535,321,46,28,28
400610,2025-10,937,686,219,32,30,30
400610,2025-11,1536,844,635,57,30,30
400610,2025-12,1307,563,687,57,30,30
400610,2026-01,199,125,63,11,3,3
400612,2025-03,13028,5020,8008,0,1,1
400612,2025-04,18204,8554,8470,1180,1,1
400612,2025-05,11651,6411,4578,662,11,11
400612,2025-06,8680,3211,4189,1280,23,23
400612,2025-07,11706,4734,5544,1428,22,22
400612,2025-08,4800,4800,0,0,21,21
400612,2025-09,10946,5966,4061,919,30,30
400612,2025-10,8760,5901,2482,377,30,30
400612,2025-11,15241,7026,7476,739,30,30
400612,2025-12,19134,9203,9527,404,30,30
400612,2026-01,1929,1097,593,239,3,3
400614,2025-03,696,341,355,0,1,1
400614,2025-04,344,344,0,0,1,1
400614,2025-05,854,854,0,0,6,6
400614,2025-06,340,320,0,20,26,26
400614,2025-07,304,304,0,0,19,19
400614,2025-08,228,228,0,0,21,21
400614,2025-09,806,423,306,77,29,29
400614,2025-10,630,395,209,26,27,27
400614,2025-11,1000,458,501,41,30,30
400614,2025-12,1009,402,570,37,30,30
400614,2026-01,71,32,32,7,3,3
400615,2025-03,1799,734,1065,0,1,1
400615,2025-04,1264,1264,0,0,1,1
400615,2025-05,1275,1275,0,0,10,10
400615,2025-06,935,892,0,43,24,24
400615,2025-07,786,786,0,0,22,22
400615,2025-08,760,760,0,0,21,21
400615,2025-09,1918,858,892,168,28,28
400615,2025-10,1646,961,587,98,28,28
400615,2025-11,2683,1232,1318,133,30,30
400615,2025-12,2601,963,1584,54,30,30
400615,2026-01,230,134,78,18,3,3
400701,2025-03,4512,1940,2572,0,1,1
400701,2025-05,1433,1433,0,0,7,7
400701,2025-06,1358,885,0,473,20,20
400701,2025-07,1056,1056,0,0,20,20
400701,2025-08,960,960,0,0,17,17
400701,2025-09,2927,1852,881,194,30,30
400701,2025-10,1944,1257,584,103,27,27
400701,2025-11,3470,1737,1581,152,30,30
400701,2025-12,3910,1940,1826,144,30,30
400701,2026-01,503,330,126,47,3,3
400703,2025-03,3308,1484,1824,0,1,1
400703,2025-05,1116,1116,0,0,7,7
400703,2025-06,1253,1047,0,206,24,24
400703,2025-07,1060,1060,0,0,19,19
400703,2025-08,754,754,0,0,19,19
400703,2025-09,3001,2291,612,98,30,30
400703,2025-10,1488,1043,354,91,26,26
400703,2025-11,2974,1599,1232,143,30,30
400703,2025-12,3078,1347,1650,81,30,30
400703,2026-01,189,108,66,15,3,3
400705,2025-03,1367,638,729,0,1,1
400705,2025-04,590,590,0,0,1,1
400705,2025-05,1512,1512,0,0,9,9
400705,2025-06,537,386,0,151,21,21
400705,2025-07,704,704,0,0,21,21
400705,2025-08,465,465,0,0,16,16
400705,2025-09,1504,916,475,113,30,30
400705,2025-10,1284,816,387,81,28,28
400705,2025-11,2234,953,1163,118,30,30
400705,2025-12,2405,924,1397,84,30,30
400705,2026-01,208,90,98,20,3,3
400706,2025-03,2704,1175,1529,0,1,1
400706,2025-04,2102,2102,0,0,1,1
400706,2025-05,1565,259,1306,0,6,6
400706,2025-06,2651,1031,1384,236,22,22
400706,2025-07,1445,1445,0,0,21,21
400706,2025-08,924,924,0,0,19,19
400706,2025-09,3170,2020,938,212,29,29
400706,2025-10,2678,1872,673,133,31,31
400706,2025-11,4073,1916,1951,206,30,30
400706,2025-12,4120,1588,2379,153,30,30
400706,2026-01,519,264,203,52,3,3
400708,2025-03,5636,2812,2824,0,1,1
400708,2025-04,2656,2656,0,0,1,1
400708,2025-05,3122,1936,1186,0,8,8
400708,2025-06,2226,1809,0,417,26,26
400708,2025-07,1517,1517,0,0,17,17
400708,2025-08,1336,1336,0,0,23,23
400708,2025-09,2991,1648,1144,199,30,30
400708,2025-10,2957,1946,817,194,27,27
400708,2025-11,5073,2887,1994,192,30,30
400708,2025-12,4319,1928,2228,163,30,30
400708,2026-01,381,223,121,37,3,3
400709,2025-03,1203,0,1203,0,1,1
400709,2025-04,2040,2040,0,0,1,1
400709,2025-05,1339,1339,0,0,7,7
400709,2025-06,1333,991,0,342,24,24
400709,2025-07,1119,1119,0,0,17,17
400709,2025-08,814,814,0,0,20,20
400709,2025-09,2900,1895,854,151,30,30
400709,2025-10,2518,1557,798,163,27,27
400709,2025-11,5027,2995,1833,199,30,30
400709,2025-12,4315,2076,2132,107,30,30
400709,2026-01,319,213,90,16,3,3
400710,2025-04,66,66,0,0,1,1
400710,2025-05,114,114,0,0,7,7
400710,2025-06,128,124,0,4,21,21
400710,2025-07,281,281,0,0,19,19
400710,2025-08,78,78,0,0,20,20
400710,2025-09,259,180,65,14,29,29
400710,2025-10,214,158,51,5,26,26
400710,2025-11,387,214,165,8,30,30
400710,2025-12,275,125,143,7,30,30
400710,2026-01,25,17,6,2,3,3
401101,2025-03,1489,665,824,0,1,1
401101,2025-04,1010,1010,0,0,1,1
401101,2025-05,1542,1542,0,0,7,7
401101,2025-06,1418,1334,0,84,24,24
401101,2025-07,1332,1332,0,0,22,22
401101,2025-08,661,661,0,0,22,22
401101,2025-09,1915,1177,643,95,29,29
401101,2025-10,1743,1188,466,89,27,27
401101,2025-11,3517,2204,1187,126,30,30
401101,2025-12,2905,1541,1268,96,30,30
401101,2026-01,264,167,83,14,3,3
401102,2025-03,334,334,0,0,1,1
401102,2025-05,65,65,0,0,5,5
401102,2025-06,205,200,0,5,21,21
401102,2025-07,186,186,0,0,20,20
401102,2025-08,65,65,0,0,15,15
401102,2025-09,340,204,122,14,27,27
401102,2025-10,554,392,151,11,29,29
401102,2025-11,1274,568,699,7,30,30
401102,2025-12,896,531,356,9,30,30
401102,2026-01,68,52,14,2,3,3
401103,2025-05,38,38,0,0,7,7
401103,2025-06,136,130,0,6,14,14
401103,2025-07,195,195,0,0,20,20
401103,2025-08,108,108,0,0,17,17
401103,2025-09,334,233,83,18,26,26
401103,2025-10,276,187,86,3,25,25
401103,2025-11,750,484,265,1,27,27
401103,2025-12,559,375,184,0,30,30
401103,2026-01,11,2,8,1,3,3
401104,2025-05,11,11,0,0,4,4
401104,2025-06,37,33,0,4,14,14
401104,2025-07,29,29,0,0,15,15
401104,2025-08,27,27,0,0,13,13
401104,2025-09,47,25,21,1,17,17
401104,2025-10,56,44,11,1,22,22
401104,2025-11,158,98,58,2,29,29
401104,2025-12,84,56,26,2,26,26
401104,2026-01,7,4,2,1,2,2
401105,2025-03,1326,0,1326,0,1,1
401105,2025-04,2444,2444,0,0,1,1
401105,2025-05,3689,3689,0,0,10,10
401105,2025-06,1530,1427,0,103,26,26
401105,2025-07,1629,1629,0,0,23,23
401105,2025-08,844,844,0,0,19,19
401105,2025-09,2385,1169,1025,191,30,30
401105,2025-10,1973,1222,617,134,26,26
401105,2025-11,4657,2422,2004,231,30,30
401105,2025-12,4238,1905,2220,113,30,30
401105,2026-01,329,215,93,21,3,3
401106,2025-03,374,189,185,0,1,1
401106,2025-04,422,422,0,0,1,1
401106,2025-05,399,399,0,0,6,6
401106,2025-06,1162,1140,0,22,18,18
401106,2025-07,267,267,0,0,15,15
401106,2025-08,235,235,0,0,21,21
401106,2025-09,490,248,207,35,26,26
401106,2025-10,824,525,252,47,28,28
401106,2025-11,962,539,384,39,29,29
401106,2025-12,624,299,312,13,30,30
401106,2026-01,25,10,10,5,3,3
401107,2025-03,4154,0,4154,0,1,1
401107,2025-04,6947,2511,3952,484,1,1
401107,2025-05,8852,4548,3863,441,10,10
401107,2025-06,7171,2354,3898,919,21,21
401107,2025-07,13248,2156,9316,1776,18,18
401107,2025-08,2629,2629,0,0,20,20
401107,2025-09,6101,2681,2905,515,29,29
401107,2025-10,4744,2506,1947,291,26,26
401107,2025-11,11711,5301,5857,553,30,30
401107,2025-12,10959,4163,6412,384,30,30
401107,2026-01,1122,503,488,131,3,3
401201,2025-03,662,662,0,0,1,1
401201,2025-04,314,314,0,0,1,1
401201,2025-05,443,443,0,0,4,4
401201,2025-06,385,367,0,18,22,22
401201,2025-07,334,334,0,0,20,20
401201,2025-08,236,236,0,0,19,19
401201,2025-09,386,216,133,37,24,24
401201,2025-10,442,272,152,18,24,24
401201,2025-11,1214,515,679,20,29,29
401201,2025-12,1248,630,608,10,30,30
401201,2026-01,92,64,25,3,3,3
401202,2025-03,250,250,0,0,1,1
401202,2025-04,446,446,0,0,1,1
401202,2025-05,420,420,0,0,10,10
401202,2025-06,692,676,0,16,24,24
401202,2025-07,230,230,0,0,18,18
401202,2025-08,118,118,0,0,18,18
401202,2025-09,523,246,239,38,29,29
401202,2025-10,508,300,181,27,30,30
401202,2025-11,782,312,450,20,30,30
401202,2025-12,1017,419,595,3,30,30
401202,2026-01,89,38,47,4,3,3
401203,2025-03,225,225,0,0,1,1
401203,2025-04,240,240,0,0,1,1
401203,2025-05,400,400,0,0,9,9
401203,2025-06,445,425,0,20,19,19
401203,2025-07,273,273,0,0,19,19
401203,2025-08,243,243,0,0,20,20
401203,2025-09,719,456,241,22,27,27
401203,2025-10,516,371,124,21,28,28
401203,2025-11,805,404,369,32,30,30
401203,2025-12,927,568,341,18,30,30
401203,2026-01,111,72,30,9,3,3
401204,2025-04,71,71,0,0,1,1
401204,2025-05,226,226,0,0,6,6
401204,2025-06,185,176,0,9,19,19
401204,2025-07,122,122,0,0,19,19
401204,2025-08,109,109,0,0,18,18
401204,2025-09,262,159,91,12,27,27
401204,2025-10,510,268,225,17,27,27
401204,2025-11,859,332,518,9,29,29
401204,2025-12,446,206,236,4,30,30
401204,2026-01,35,27,4,4,2,2
401206,2025-05,10,10,0,0,6,6
401206,2025-06,75,71,0,4,18,18
401206,2025-07,56,56,0,0,18,18
401206,2025-08,70,70,0,0,17,17
401206,2025-09,113,92,15,6,24,24
401206,2025-10,171,97,65,9,27,27
401206,2025-11,325,124,186,15,30,30
401206,2025-12,127,55,72,0,28,28
401206,2026-01,9,7,2,0,3,3
401207,2025-03,136,136,0,0,1,1
401207,2025-05,115,115,0,0,10,10
401207,2025-06,122,116,0,6,20,20
401207,2025-07,82,82,0,0,20,20
401207,2025-08,64,64,0,0,15,15
401207,2025-09,111,59,45,7,22,22
401207,2025-10,145,104,37,4,25,25
401207,2025-11,350,165,181,4,28,28
401207,2025-12,271,98,168,5,30,30
401207,2026-01,24,15,9,0,3,3
401208,2025-04,395,395,0,0,1,1
401208,2025-05,610,610,0,0,8,8
401208,2025-06,359,332,0,27,21,21
401208,2025-07,579,579,0,0,25,25
401208,2025-08,301,301,0,0,20,20
401208,2025-09,710,330,300,80,30,30
401208,2025-10,800,501,255,44,29,29
401208,2025-11,1878,967,834,77,30,30
401208,2025-12,1972,1006,921,45,30,30
401208,2026-01,129,64,55,10,3,3
401209,2025-03,1613,900,713,0,1,1
401209,2025-05,1385,1385,0,0,11,11
401209,2025-06,903,861,0,42,24,24
401209,2025-07,884,884,0,0,18,18
401209,2025-08,606,606,0,0,21,21
401209,2025-09,1486,832,549,105,30,30
401209,2025-10,1430,997,372,61,28,28
401209,2025-11,2717,1362,1261,94,30,30
401209,2025-12,2433,1175,1196,62,30,30
401209,2026-01,119,64,44,11,3,3
401301,2025-03,107,107,0,0,1,1
401301,2025-04,93,93,0,0,1,1
401301,2025-05,204,204,0,0,11,11
401301,2025-06,179,175,0,4,20,20
401301,2025-07,154,154,0,0,22,22
401301,2025-08,91,91,0,0,17,17
401301,2025-09,294,186,89,19,22,22
401301,2025-10,320,248,62,10,28,28
401301,2025-11,681,359,307,15,29,29
401301,2025-12,438,257,178,3,30,30
401301,2026-01,14,4,9,1,2,2
401302,2025-05,43,43,0,0,6,6
401302,2025-06,285,283,0,2,17,17
401302,2025-07,62,62,0,0,15,15
401302,2025-08,34,34,0,0,10,10
401302,2025-09,251,167,49,35,22,22
401302,2025-10,242,179,42,21,24,24
401302,2025-11,371,189,173,9,28,28
401302,2025-12,352,196,155,1,29,29
401302,2026-01,51,41,5,5,3,3
401303,2025-03,375,375,0,0,1,1
401303,2025-04,302,302,0,0,1,1
401303,2025-05,1088,1088,0,0,10,10
401303,2025-06,382,348,0,34,21,21
401303,2025-07,290,290,0,0,15,15
401303,2025-08,325,325,0,0,19,19
401303,2025-09,672,356,287,29,28,28
401303,2025-10,671,383,267,21,29,29
401303,2025-11,2321,1022,1267,32,30,30
401303,2025-12,1321,588,719,14,30,30
401303,2026-01,108,81,24,3,3,3
401304,2025-04,83,83,0,0,1,1
401304,2025-05,21,21,0,0,3,3
401304,2025-06,56,50,0,6,14,14
401304,2025-07,88,88,0,0,17,17
401304,2025-08,64,64,0,0,15,15
401304,2025-09,126,94,26,6,20,20
401304,2025-10,127,95,27,5,21,21
401304,2025-11,298,205,87,6,29,29
401304,2025-12,227,163,59,5,27,27
401304,2026-01,18,13,4,1,2,2
401305,2025-03,948,566,382,0,1,1
401305,2025-04,508,508,0,0,1,1
401305,2025-05,724,724,0,0,7,7
401305,2025-06,473,449,0,24,24,24
401305,2025-07,603,603,0,0,22,22
401305,2025-08,483,483,0,0,21,21
401305,2025-09,1015,647,324,44,27,27
401305,2025-10,816,530,245,41,26,26
401305,2025-11,2221,1332,851,38,30,30
401305,2025-12,2475,1597,841,37,30,30
401305,2026-01,161,112,41,8,3,3
401401,2025-05,15,15,0,0,5,5
401401,2025-06,46,46,0,0,16,16
401401,2025-07,38,38,0,0,16,16
401401,2025-08,32,32,0,0,12,12
401401,2025-09,71,40,26,5,18,18
401401,2025-10,134,96,35,3,21,21
401401,2025-11,330,134,196,0,28,28
401401,2025-12,257,127,127,3,28,28
401401,2026-01,14,8,6,0,3,3
401402,2025-05,19,19,0,0,7,7
401402,2025-06,34,30,0,4,12,12
401402,2025-07,42,42,0,0,15,15
401402,2025-08,24,24,0,0,12,12
401402,2025-09,71,56,11,4,20,20
401402,2025-10,115,77,37,1,23,23
401402,2025-11,244,77,165,2,28,28
401402,2025-12,158,77,79,2,28,28
401402,2026-01,5,0,5,0,2,2
401403,2025-05,39,39,0,0,3,3
401403,2025-06,473,466,0,7,15,15
401403,2025-07,212,212,0,0,19,19
401403,2025-08,192,192,0,0,20,20
401403,2025-09,410,209,187,14,26,26
401403,2025-10,711,303,403,5,28,28
401403,2025-11,1937,431,1493,13,29,29
401403,2025-12,911,410,500,1,30,30
401403,2026-01,34,6,28,0,3,3
401404,2025-03,758,758,0,0,1,1
401404,2025-04,339,339,0,0,1,1
401404,2025-05,170,170,0,0,7,7
401404,2025-06,537,520,0,17,15,15
401404,2025-07,392,392,0,0,23,23
401404,2025-08,251,251,0,0,21,21
401404,2025-09,592,350,206,36,28,28
401404,2025-10,1170,585,575,10,30,30
401404,2025-11,2519,755,1726,38,30,30
401404,2025-12,1489,705,773,11,30,30
401404,2026-01,138,79,50,9,3,3
401405,2025-05,27,27,0,0,8,8
401405,2025-06,48,43,0,5,11,11
401405,2025-07,71,71,0,0,18,18
401405,2025-08,51,51,0,0,14,14
401405,2025-09,113,49,60,4,18,18
401405,2025-10,170,82,88,0,24,24
401405,2025-11,440,111,328,1,26,26
401405,2025-12,176,60,115,1,28,28
401405,2026-01,5,2,3,0,2,2
401501,2025-03,798,798,0,0,1,1
401501,2025-04,964,964,0,0,1,1
401501,2025-05,163,163,0,0,7,7
401501,2025-06,482,447,0,35,23,23
401501,2025-07,406,406,0,0,20,20
401501,2025-08,266,266,0,0,20,20
401501,2025-09,1038,535,429,74,29,29
401501,2025-10,868,484,365,19,26,26
401501,2025-11,2032,732,1261,39,30,30
401501,2025-12,1601,679,889,33,30,30
401501,2026-01,117,48,61,8,3,3
401502,2025-05,33,33,0,0,8,8
401502,2025-06,65,62,0,3,19,19
401502,2025-07,46,46,0,0,18,18
401502,2025-08,57,57,0,0,18,18
401502,2025-09,106,51,50,5,18,18
401502,2025-10,148,71,77,0,22,22
401502,2025-11,394,132,260,2,26,26
401502,2025-12,346,154,190,2,30,30
401502,2026-01,41,32,9,0,3,3
401503,2025-05,30,30,0,0,7,7
401503,2025-06,58,57,0,1,14,14
401503,2025-07,74,74,0,0,15,15
401503,2025-08,54,54,0,0,12,12
401503,2025-09,152,83,61,8,21,21
401503,2025-10,157,90,65,2,29,29
401503,2025-11,452,127,325,0,26,26
401503,2025-12,357,165,191,1,30,30
401503,2026-01,14,11,3,0,3,3
401504,2025-04,228,228,0,0,1,1
401504,2025-05,7,7,0,0,3,3
401504,2025-06,141,137,0,4,14,14
401504,2025-07,93,93,0,0,22,22
401504,2025-08,43,43,0,0,15,15
401504,2025-09,156,97,54,5,26,26
401504,2025-10,173,87,82,4,23,23
401504,2025-11,324,148,173,3,30,30
401504,2025-12,277,162,111,4,29,29
401504,2026-01,33,26,6,1,3,3
401506,2025-05,10,10,0,0,3,3
401506,2025-06,35,31,0,4,14,14
401506,2025-07,30,30,0,0,16,16
401506,2025-08,32,32,0,0,12,12
401506,2025-09,38,18,17,3,16,16
401506,2025-10,61,35,25,1,21,21
401506,2025-11,99,47,50,2,25,25
401506,2025-12,70,37,33,0,23,23
401506,2026-01,11,7,4,0,3,3
401601,2025-05,43,43,0,0,7,7
401601,2025-06,70,69,0,1,14,14
401601,2025-07,81,81,0,0,16,16
401601,2025-08,62,62,0,0,19,19
401601,2025-09,190,109,75,6,24,24
401601,2025-10,202,125,74,3,26,26
401601,2025-11,389,159,227,3,27,27
401601,2025-12,304,137,166,1,29,29
401601,2026-01,21,14,7,0,3,3
401602,2025-03,1447,889,558,0,1,1
401602,2025-05,2422,2422,0,0,8,8
401602,2025-06,991,965,0,26,23,23
401602,2025-07,1137,1137,0,0,23,23
401602,2025-08,769,769,0,0,17,17
401602,2025-09,2445,1722,605,118,25,25
401602,2025-10,1796,1318,449,29,27,27
401602,2025-11,3333,1764,1526,43,30,30
401602,2025-12,2507,1485,1003,19,30,30
401602,2026-01,157,120,32,5,3,3
401603,2025-05,156,156,0,0,8,8
401603,2025-06,153,140,0,13,19,19
401603,2025-07,232,232,0,0,20,20
401603,2025-08,315,315,0,0,17,17
401603,2025-09,710,438,238,34,27,27
401603,2025-10,1990,667,1302,21,25,25
401603,2025-11,7250,1188,6025,37,30,30
401603,2025-12,1653,621,1004,28,30,30
401603,2026-01,60,29,22,9,3,3
401604,2025-05,42,42,0,0,4,4
401604,2025-06,503,495,0,8,22,22
401604,2025-07,126,126,0,0,16,16
401604,2025-08,289,289,0,0,18,18
401604,2025-09,505,214,237,54,26,26
401604,2025-10,1665,664,978,23,27,27
401604,2025-11,3226,791,2390,45,29,29
401604,2025-12,1084,476,591,17,30,30
401604,2026-01,93,48,28,17,3,3
401605,2025-05,151,151,0,0,9,9
401605,2025-06,354,352,0,2,21,21
401605,2025-07,176,176,0,0,23,23
401605,2025-08,119,119,0,0,20,20
401605,2025-09,475,232,221,22,23,23
401605,2025-10,877,261,614,2,28,28
401605,2025-11,2257,329,1913,15,29,29
401605,2025-12,1106,266,836,4,29,29
401605,2026-01,94,31,63,0,3,3
401606,2025-03,491,491,0,0,1,1
401606,2025-04,742,742,0,0,1,1
401606,2025-05,907,907,0,0,8,8
401606,2025-06,588,561,0,27,20,20
401606,2025-07,780,780,0,0,20,20
401606,2025-08,588,588,0,0,18,18
401606,2025-09,991,593,334,64,30,30
401606,2025-10,749,373,360,16,24,24
401606,2025-11,1275,561,691,23,29,29
401606,2025-12,1203,700,487,16,30,30
401606,2026-01,105,78,25,2,3,3
401607,2025-03,630,630,0,0,1,1
401607,2025-05,291,291,0,0,6,6
401607,2025-06,1072,1057,0,15,22,22
401607,2025-07,303,303,0,0,20,20
401607,2025-08,500,500,0,0,20,20
401607,2025-09,722,569,120,33,25,25
401607,2025-10,1118,661,444,13,28,28
401607,2025-11,1291,613,664,14,29,29
401607,2025-12,903,541,359,3,30,30
401607,2026-01,42,22,18,2,3,3
401608,2025-05,2,2,0,0,1,1
401608,2025-07,1,1,0,0,1,1
401608,2025-08,4,4,0,0,2,2
401608,2025-09,2,2,0,0,1,1
401608,2025-10,7,7,0,0,5,5
401608,2025-11,8,3,5,0,6,6
401608,2025-12,5,3,2,0,4,4
401609,2025-06,2,2,0,0,1,1
401609,2025-07,1,1,0,0,1,1
401609,2025-08,3,3,0,0,2,2
401609,2025-09,7,7,0,0,3,3
401609,2025-10,16,10,6,0,10,10
401609,2025-11,10,6,4,0,4,4
401610,2025-05,41,41,0,0,7,7
401610,2025-06,104,101,0,3,17,17
401610,2025-07,133,133,0,0,18,18
401610,2025-08,88,88,0,0,19,19
401610,2025-09,105,45,54,6,21,21
401610,2025-10,141,92,38,11,23,23
401610,2025-11,263,127,133,3,28,28
401610,2025-12,232,122,106,4,28,28
401610,2026-01,6,3,2,1,2,2
401701,2025-05,8,8,0,0,4,4
401701,2025-06,34,33,0,1,14,14
401701,2025-07,34,34,0,0,14,14
401701,2025-08,36,36,0,0,15,15
401701,2025-09,42,25,17,0,15,15
401701,2025-10,32,22,10,0,18,18
401701,2025-11,47,26,21,0,19,19
401701,2025-12,29,16,13,0,15,15
401701,2026-01,2,2,0,0,1,1
401702,2025-05,21,21,0,0,6,6
401702,2025-06,64,64,0,0,16,16
401702,2025-07,91,91,0,0,17,17
401702,2025-08,49,49,0,0,11,11
401702,2025-09,83,53,29,1,20,20
401702,2025-10,47,26,21,0,19,19
401702,2025-11,166,86,79,1,27,27
401702,2025-12,156,67,89,0,28,28
401702,2026-01,7,5,2,0,3,3
401703,2025-05,14,14,0,0,6,6
401703,2025-06,21,21,0,0,8,8
401703,2025-07,22,22,0,0,12,12
401703,2025-08,34,34,0,0,15,15
401703,2025-09,52,38,14,0,15,15
401703,2025-10,26,23,3,0,13,13
401703,2025-11,100,48,52,0,22,22
401703,2025-12,112,53,57,2,23,23
401703,2026-01,5,4,1,0,2,2
421001,2025-03,1083,571,512,0,1,1
421001,2025-05,1063,1063,0,0,9,9
421001,2025-06,732,696,0,36,22,22
421001,2025-07,476,476,0,0,19,19
421001,2025-08,517,517,0,0,21,21
421001,2025-09,1814,1247,466,101,29,29
421001,2025-10,1123,805,285,33,27,27
421001,2025-11,2981,1645,1263,73,30,30
421001,2025-12,2461,1593,818,50,30,30
421001,2026-01,251,169,65,17,3,3
421002,2025-03,2002,1008,994,0,1,1
421002,2025-04,1038,1038,0,0,1,1
421002,2025-05,525,525,0,0,8,8
421002,2025-06,1163,1087,0,76,23,23
421002,2025-07,1272,1272,0,0,20,20
421002,2025-08,705,705,0,0,18,18
421002,2025-09,2778,1720,790,268,30,30
421002,2025-10,2525,1744,692,89,30,30
421002,2025-11,5888,2876,2892,120,30,30
421002,2025-12,3771,1906,1798,67,30,30
421002,2026-01,441,293,118,30,3,3
421003,2025-05,44,44,0,0,10,10
421003,2025-06,77,71,0,6,18,18
421003,2025-07,123,123,0,0,22,22
421003,2025-08,56,56,0,0,18,18
421003,2025-09,256,116,111,29,24,24
421003,2025-10,152,84,65,3,28,28
421003,2025-11,539,185,339,15,30,30
421003,2025-12,381,151,227,3,30,30
421003,2026-01,10,7,3,0,2,2
421004,2025-03,1617,677,940,0,1,1
421004,2025-04,882,741,0,141,1,1
421004,2025-05,1304,1304,0,0,10,10
421004,2025-06,1258,1170,0,88,25,25
421004,2025-07,634,634,0,0,17,17
421004,2025-08,570,570,0,0,17,17
421004,2025-09,2003,1213,635,155,28,28
421004,2025-10,1980,1432,490,58,30,30
421004,2025-11,3089,1232,1775,82,30,30
421004,2025-12,2964,1329,1559,76,30,30
421004,2026-01,287,173,87,27,3,3
421005,2025-03,1788,776,1012,0,1,1
421005,2025-05,265,265,0,0,7,7
421005,2025-06,571,508,0,63,20,20
421005,2025-07,411,411,0,0,20,20
421005,2025-08,246,246,0,0,15,15
421005,2025-09,1339,871,377,91,30,30
421005,2025-10,1512,1094,379,39,29,29
421005,2025-11,2685,1207,1389,89,30,30
421005,2025-12,1805,752,1011,42,30,30
421005,2026-01,154,73,69,12,3,3
421101,2025-03,481,270,211,0,1,1
421101,2025-04,219,219,0,0,1,1
421101,2025-05,164,164,0,0,7,7
421101,2025-06,291,273,0,18,21,21
421101,2025-07,229,229,0,0,17,17
421101,2025-08,173,173,0,0,15,15
421101,2025-09,758,537,174,47,29,29
421101,2025-10,812,482,307,23,29,29
421101,2025-11,1376,677,657,42,30,30
421101,2025-12,774,346,416,12,30,30
421101,2026-01,114,67,39,8,3,3
421102,2025-03,550,0,550,0,1,1
421102,2025-04,928,928,0,0,1,1
421102,2025-05,456,456,0,0,9,9
421102,2025-06,493,442,0,51,24,24
421102,2025-07,542,542,0,0,20,20
421102,2025-08,413,413,0,0,19,19
421102,2025-09,1173,635,386,152,29,29
421102,2025-10,1090,657,371,62,29,29
421102,2025-11,2250,1012,1146,92,30,30
421102,2025-12,1912,806,1026,80,30,30
421102,2026-01,143,82,45,16,3,3
421103,2025-03,172,0,172,0,1,1
421103,2025-04,122,122,0,0,1,1
421103,2025-05,134,134,0,0,8,8
421103,2025-06,97,86,0,11,20,20
421103,2025-07,187,187,0,0,20,20
421103,2025-08,103,103,0,0,16,16
421103,2025-09,383,221,145,17,29,29
421103,2025-10,327,216,103,8,30,30
421103,2025-11,601,257,321,23,30,30
421103,2025-12,626,307,308,11,30,30
421103,2026-01,53,33,18,2,3,3
421201,2025-03,1696,0,1696,0,1,1
421201,2025-04,1558,1558,0,0,1,1
421201,2025-05,3898,3898,0,0,9,9
421201,2025-06,1521,1432,0,89,22,22
421201,2025-07,2205,2205,0,0,21,21
421201,2025-08,1660,1660,0,0,16,16
421201,2025-09,3794,2202,1235,357,29,29
421201,2025-10,2788,1819,843,126,28,28
421201,2025-11,4754,2450,2149,155,30,30
421201,2025-12,5029,2373,2541,115,30,30
421201,2026-01,652,377,216,59,3,3
421202,2025-03,1515,0,1515,0,1,1
421202,2025-04,817,817,0,0,1,1
421202,2025-05,271,271,0,0,4,4
421202,2025-06,1302,1222,0,80,23,23
421202,2025-07,1509,1509,0,0,20,20
421202,2025-08,1195,1195,0,0,22,22
421202,2025-09,3071,1989,873,209,29,29
421202,2025-10,2498,1725,676,97,30,30
421202,2025-11,5331,2581,2484,266,30,30
421202,2025-12,4336,1940,2260,136,30,30
421202,2026-01,420,225,155,40,3,3
421203,2025-03,848,322,526,0,1,1
421203,2025-04,306,306,0,0,1,1
421203,2025-05,508,508,0,0,9,9
421203,2025-06,280,262,0,18,20,20
421203,2025-07,242,242,0,0,13,13
421203,2025-08,422,422,0,0,24,24
421203,2025-09,1417,863,394,160,27,27
421203,2025-10,825,541,244,40,28,28
421203,2025-11,1321,549,710,62,30,30
421203,2025-12,1337,643,627,67,30,30
421203,2026-01,82,41,29,12,3,3
421204,2025-03,2399,921,1478,0,1,1
421204,2025-04,2257,948,1309,0,1,1
421204,2025-05,5117,2255,2862,0,7,7
421204,2025-06,1206,1131,0,75,21,21
421204,2025-07,4460,996,3464,0,16,16
421204,2025-08,999,999,0,0,19,19
421204,2025-09,3527,2021,1252,254,29,29
421204,2025-10,2972,2013,842,117,29,29
421204,2025-11,4951,2104,2607,240,30,30
421204,2025-12,4943,1953,2810,180,30,30
421204,2026-01,550,268,225,57,3,3
421301,2025-03,6372,2911,3461,0,1,1
421301,2025-04,13498,6924,5582,992,1,1
421301,2025-05,8261,5553,2708,0,7,7
421301,2025-06,6901,3805,2828,268,22,22
421301,2025-07,9106,4559,3521,1026,22,22
421301,2025-08,2700,2700,0,0,19,19
421301,2025-09,8077,4906,2476,695,30,30
421301,2025-10,11439,8030,3034,375,27,27
421301,2025-11,16422,7825,7996,601,30,30
421301,2025-12,15434,7903,7024,507,30,30
421301,2026-01,1620,1032,422,166,3,3
421302,2025-03,4649,0,4649,0,1,1
421302,2025-04,8781,3958,4075,748,1,1
421302,2025-05,12616,7039,4745,832,6,6
421302,2025-06,10512,4437,4593,1482,24,24
421302,2025-07,23209,6271,12462,4476,22,22
421302,2025-08,6767,6767,0,0,23,23
421302,2025-09,13902,8061,4295,1546,29,29
421302,2025-10,19506,13376,5486,644,29,29
421302,2025-11,28544,13462,14107,975,30,30
421302,2025-12,22574,10452,11408,714,30,30
421302,2026-01,3189,1948,960,281,3,3
421303,2025-05,491,491,0,0,7,7
421303,2025-06,232,215,0,17,21,21
421303,2025-07,189,189,0,0,15,15
421303,2025-08,126,126,0,0,14,14
421303,2025-09,649,281,315,53,27,27
421303,2025-10,911,314,584,13,28,28
421303,2025-11,2107,365,1730,12,30,30
421303,2025-12,1093,294,789,10,29,29
421303,2026-01,96,45,46,5,3,3
421304,2025-05,1,1,0,0,1,1
421304,2025-06,12,11,0,1,7,7
421304,2025-07,6,6,0,0,4,4
421304,2025-08,8,8,0,0,5,5
421304,2025-09,9,5,3,1,5,5
421304,2025-10,14,13,1,0,11,11
421304,2025-11,37,23,13,1,16,16
421304,2025-12,12,4,8,0,8,8
421304,2026-01,2,0,2,0,1,1
421305,2025-03,1630,722,908,0,1,1
421305,2025-04,862,862,0,0,1,1
421305,2025-05,2446,2446,0,0,8,8
421305,2025-06,849,759,0,90,21,21
421305,2025-07,1095,1095,0,0,22,22
421305,2025-08,931,931,0,0,23,23
421305,2025-09,2568,1424,915,229,29,29
421305,2025-10,3164,2122,929,113,29,29
421305,2025-11,4590,2207,2229,154,30,30
421305,2025-12,4863,2619,2110,134,30,30
421305,2026-01,249,163,67,19,3,3
421306,2025-03,2567,0,2567,0,1,1
421306,2025-04,5234,4576,0,658,1,1
421306,2025-05,3548,3548,0,0,7,7
421306,2025-06,5469,3144,2100,225,23,23
421306,2025-07,5309,2225,2385,699,19,19
421306,2025-08,2036,2036,0,0,23,23
421306,2025-09,7486,4690,2209,587,29,29
421306,2025-10,4447,2942,1293,212,26,26
421306,2025-11,9036,4180,4473,383,30,30
421306,2025-12,8535,4027,4272,236,30,30
421306,2026-01,564,302,205,57,3,3
421308,2025-03,685,368,317,0,1,1
421308,2025-05,271,271,0,0,9,9
421308,2025-06,541,503,0,38,25,25
421308,2025-07,557,557,0,0,22,22
421308,2025-08,449,449,0,0,18,18
421308,2025-09,1209,775,333,101,29,29
421308,2025-10,1826,1264,486,76,31,31
421308,2025-11,2358,1250,1038,70,30,30
421308,2025-12,1571,751,770,50,30,30
421308,2026-01,83,38,31,14,3,3
421311,2025-03,575,183,392,0,1,1
421311,2025-04,466,466,0,0,1,1
421311,2025-05,721,721,0,0,8,8
421311,2025-06,260,238,0,22,18,18
421311,2025-07,253,253,0,0,17,17
421311,2025-08,222,222,0,0,20,20
421311,2025-09,1118,751,277,90,28,28
421311,2025-10,878,510,319,49,29,29
421311,2025-11,1931,918,936,77,30,30
421311,2025-12,1377,712,616,49,30,30
421311,2026-01,154,95,50,9,3,3
421312,2025-05,103,103,0,0,7,7
421312,2025-06,329,320,0,9,17,17
421312,2025-07,202,202,0,0,19,19
421312,2025-08,126,126,0,0,10,10
421312,2025-09,348,180,139,29,27,27
421312,2025-10,607,254,340,13,25,25
421312,2025-11,1150,336,805,9,30,30
421312,2025-12,641,211,424,6,29,29
421312,2026-01,66,40,20,6,3,3
421401,2025-03,1043,0,1043,0,1,1
421401,2025-04,964,964,0,0,1,1
421401,2025-05,1133,1133,0,0,10,10
421401,2025-06,1176,1055,0,121,23,23
421401,2025-07,934,934,0,0,25,25
421401,2025-08,622,622,0,0,18,18
421401,2025-09,2599,1504,915,180,27,27
421401,2025-10,4564,1489,2997,78,30,30
421401,2025-11,8788,1613,7089,86,30,30
421401,2025-12,4387,1794,2503,90,30,30
421401,2026-01,183,73,77,33,3,3
421402,2025-03,886,306,580,0,1,1
421402,2025-05,462,462,0,0,8,8
421402,2025-06,735,685,0,50,19,19
421402,2025-07,335,335,0,0,20,20
421402,2025-08,181,181,0,0,16,16
421402,2025-09,698,381,265,52,29,29
421402,2025-10,1398,461,912,25,27,27
421402,2025-11,3495,560,2899,36,29,29
421402,2025-12,1121,387,702,32,30,30
421402,2026-01,73,32,35,6,3,3
421403,2025-03,494,228,266,0,1,1
421403,2025-04,126,126,0,0,1,1
421403,2025-05,146,146,0,0,7,7
421403,2025-06,579,536,0,43,20,20
421403,2025-07,328,328,0,0,16,16
421403,2025-08,235,235,0,0,17,17
421403,2025-09,683,375,245,63,26,26
421403,2025-10,1405,579,796,30,29,29
421403,2025-11,2701,821,1777,103,29,29
421403,2025-12,1095,355,715,25,30,30
421403,2026-01,78,34,33,11,3,3
421501,2025-03,2514,996,1518,0,1,1
421501,2025-04,1206,999,0,207,1,1
421501,2025-05,1266,1266,0,0,8,8
421501,2025-06,1099,708,0,391,21,21
421501,2025-07,1255,901,0,354,16,16
421501,2025-08,1132,1132,0,0,23,23
421501,2025-09,2977,1462,1261,254,30,30
421501,2025-10,3081,1979,953,149,28,28
421501,2025-11,4913,2341,2367,205,30,30
421501,2025-12,3953,1626,2197,130,30,30
421501,2026-01,398,211,142,45,3,3
421502,2025-03,88,88,0,0,1,1
421502,2025-04,91,91,0,0,1,1
421502,2025-05,40,40,0,0,6,6
421502,2025-06,55,55,0,0,19,19
421502,2025-07,96,96,0,0,15,15
421502,2025-08,43,43,0,0,14,14
421502,2025-09,192,119,64,9,27,27
421502,2025-10,235,173,54,8,28,28
421502,2025-11,349,192,147,10,29,29
421502,2025-12,376,216,153,7,30,30
421502,2026-01,30,17,9,4,3,3
421503,2025-03,3754,1630,2077,47,2,2
421503,2025-04,2027,1716,0,311,1,1
421503,2025-05,7956,4318,3092,546,10,10
421503,2025-06,2889,1752,0,1137,22,22
421503,2025-07,2775,2065,0,710,20,20
421503,2025-08,1816,1816,0,0,23,23
421503,2025-09,5000,3034,1517,449,29,29
421503,2025-10,5937,3912,1798,227,30,30
421503,2025-11,9749,4461,4927,361,30,30
421503,2025-12,6843,3011,3561,271,30,30
421503,2026-01,610,333,188,89,3,3
421505,2025-03,512,0,512,0,1,1
421505,2025-04,832,832,0,0,1,1
421505,2025-05,536,536,0,0,8,8
421505,2025-06,419,390,0,29,20,20
421505,2025-07,518,518,0,0,22,22
421505,2025-08,292,292,0,0,22,22
421505,2025-09,673,318,313,42,29,29
421505,2025-10,1059,709,296,54,30,30
421505,2025-11,2015,1099,852,64,30,30
421505,2025-12,1382,627,732,23,30,30
421505,2026-01,219,142,61,16,3,3
421506,2025-03,86,0,86,0,1,1
421506,2025-05,61,61,0,0,10,10
421506,2025-06,98,95,0,3,23,23
421506,2025-07,56,56,0,0,18,18
421506,2025-08,40,40,0,0,19,19
421506,2025-09,179,86,76,17,26,26
421506,2025-10,114,82,27,5,27,27
421506,2025-11,274,122,138,14,30,30
421506,2025-12,210,86,121,3,29,29
421506,2026-01,12,10,2,0,3,3
421601,2025-03,1840,757,1083,0,1,1
421601,2025-04,1108,1108,0,0,1,1
421601,2025-05,337,337,0,0,5,5
421601,2025-06,1642,1519,0,123,24,24
421601,2025-07,1623,1623,0,0,25,25
421601,2025-08,525,525,0,0,15,15
421601,2025-09,2959,1693,870,396,28,28
421601,2025-10,3497,1583,1814,100,28,28
421601,2025-11,8250,2445,5654,151,30,30
421601,2025-12,4195,1323,2766,106,30,30
421601,2026-01,313,149,127,37,3,3
421602,2025-03,636,636,0,0,1,1
421602,2025-04,297,297,0,0,1,1
421602,2025-05,681,681,0,0,6,6
421602,2025-06,1175,1132,0,43,22,22
421602,2025-07,821,821,0,0,24,24
421602,2025-08,609,609,0,0,25,25
421602,2025-09,1565,1204,217,144,27,27
421602,2025-10,1572,1090,440,42,27,27
421602,2025-11,2765,1152,1520,93,30,30
421602,2025-12,1563,755,744,64,30,30
421602,2026-01,125,54,36,35,3,3
421603,2025-03,120,120,0,0,1,1
421603,2025-04,35,35,0,0,1,1
421603,2025-05,46,46,0,0,6,6
421603,2025-06,210,195,0,15,19,19
421603,2025-07,71,71,0,0,17,17
421603,2025-08,43,43,0,0,15,15
421603,2025-09,188,114,52,22,24,24
421603,2025-10,218,120,92,6,25,25
421603,2025-11,477,161,308,8,28,28
421603,2025-12,222,76,137,9,30,30
421603,2026-01,7,2,5,0,3,3
421604,2025-05,13,13,0,0,7,7
421604,2025-06,33,32,0,1,14,14
421604,2025-07,46,46,0,0,19,19
421604,2025-08,40,40,0,0,18,18
421604,2025-09,53,37,15,1,19,19
421604,2025-10,94,63,30,1,26,26
421604,2025-11,181,82,98,1,27,27
421604,2025-12,134,66,65,3,28,28
421604,2026-01,12,8,4,0,3,3
421605,2025-03,707,0,707,0,1,1
421605,2025-04,328,328,0,0,1,1
421605,2025-05,1018,1018,0,0,10,10
421605,2025-06,389,357,0,32,19,19
421605,2025-07,533,533,0,0,20,20
421605,2025-08,376,376,0,0,16,16
421605,2025-09,1639,965,491,183,30,30
421605,2025-10,1374,831,450,93,30,30
421605,2025-11,2401,959,1323,119,30,30
421605,2025-12,2520,1073,1394,53,30,30
421605,2026-01,186,84,78,24,3,3
