state,district,pincode,month,age_0_5,age_5_17,age_18_greater,demo_age_5_17,demo_age_17_,bio_age_5_17,bio_age_17_
Maharashtra,Thane,400601,2025-03,0.0,0.0,0.0,99.0,1058.0,0.0,0.0
Maharashtra,Thane,400601,2025-04,0.0,0.0,0.0,104.0,783.0,393.0,831.0
Maharashtra,Thane,400601,2025-05,80.0,30.0,14.0,0.0,0.0,575.0,1122.0
Maharashtra,Thane,400601,2025-06,53.0,33.0,1.0,0.0,0.0,165.0,670.0
Maharashtra,Thane,400601,2025-07,0.0,0.0,0.0,0.0,0.0,407.0,912.0
Maharashtra,Thane,400601,2025-08,0.0,0.0,0.0,0.0,0.0,230.0,711.0
Maharashtra,Thane,400601,2025-09,155.0,66.0,3.0,79.0,831.0,704.0,979.0
Maharashtra,Thane,400601,2025-10,79.0,17.0,1.0,73.0,522.0,521.0,794.0
Maharashtra,Thane,400601,2025-11,194.0,20.0,2.0,125.0,1675.0,1096.0,1655.0
Maharashtra,Thane,400601,2025-12,78.0,11.0,2.0,129.0,1547.0,1240.0,1405.0
Maharashtra,Thane,400601,2026-01,25.0,6.0,2.0,7.0,84.0,83.0,127.0
Maharashtra,Thane,400602,2025-03,0.0,0.0,0.0,27.0,467.0,0.0,0.0
Maharashtra,Thane,400602,2025-04,0.0,0.0,0.0,0.0,0.0,107.0,254.0
Maharashtra,Thane,400602,2025-05,0.0,0.0,0.0,0.0,0.0,158.0,352.0
Maharashtra,Thane,400602,2025-06,9.0,6.0,0.0,0.0,0.0,63.0,215.0
Maharashtra,Thane,400602,2025-07,0.0,0.0,0.0,0.0,0.0,53.0,233.0
Maharashtra,Thane,400602,2025-08,0.0,0.0,0.0,0.0,0.0,99.0,247.0
Maharashtra,Thane,400602,2025-09,34.0,10.0,0.0,31.0,293.0,280.0,282.0
Maharashtra,Thane,400602,2025-10,16.0,4.0,0.0,13.0,176.0,142.0,235.0
Maharashtra,Thane,400602,2025-11,39.0,6.0,0.0,25.0,572.0,248.0,401.0
Maharashtra,Thane,400602,2025-12,28.0,0.0,14.0,21.0,508.0,269.0,418.0
Maharashtra,Thane,400602,2026-01,6.0,0.0,2.0,3.0,38.0,44.0,42.0
Maharashtra,Thane,400603,2025-03,0.0,0.0,0.0,30.0,508.0,168.0,564.0
Maharashtra,Thane,400603,2025-04,0.0,0.0,0.0,0.0,0.0,133.0,290.0
Maharashtra,Thane,400603,2025-05,0.0,0.0,0.0,0.0,0.0,368.0,747.0
Maharashtra,Thane,400603,2025-06,17.0,10.0,1.0,0.0,0.0,84.0,284.0
Maharashtra,Thane,400603,2025-07,0.0,0.0,0.0,0.0,0.0,101.0,300.0
Maharashtra,Thane,400603,2025-08,0.0,0.0,0.0,0.0,0.0,46.0,123.0
Maharashtra,Thane,400603,2025-09,27.0,15.0,0.0,15.0,213.0,370.0,411.0
Maharashtra,Thane,400603,2025-10,26.0,2.0,0.0,9.0,109.0,212.0,331.0
Maharashtra,Thane,400603,2025-11,25.0,5.0,0.0,20.0,376.0,208.0,534.0
Maharashtra,Thane,400603,2025-12,16.0,6.0,0.0,23.0,400.0,226.0,398.0
Maharashtra,Thane,400603,2026-01,1.0,0.0,2.0,0.0,15.0,29.0,41.0
Maharashtra,Thane,400604,2025-03,0.0,0.0,0.0,156.0,1503.0,513.0,1404.0
Maharashtra,Thane,400604,2025-04,0.0,0.0,0.0,0.0,0.0,583.0,1070.0
Maharashtra,Thane,400604,2025-05,0.0,0.0,0.0,0.0,0.0,757.0,1767.0
Maharashtra,Thane,400604,2025-06,353.0,263.0,22.0,0.0,0.0,586.0,1416.0
Maharashtra,Thane,400604,2025-07,0.0,0.0,0.0,0.0,0.0,533.0,1517.0
Maharashtra,Thane,400604,2025-08,0.0,0.0,0.0,0.0,0.0,485.0,1142.0
Maharashtra,Thane,400604,2025-09,148.0,64.0,0.0,107.0,693.0,1364.0,910.0
Maharashtra,Thane,400604,2025-10,116.0,27.0,1.0,87.0,705.0,1273.0,1632.0
Maharashtra,Thane,400604,2025-11,232.0,72.0,1.0,164.0,2202.0,1905.0,2992.0
Maharashtra,Thane,400604,2025-12,117.0,18.0,37.0,169.0,2317.0,2019.0,2807.0
Maharashtra,Thane,400604,2026-01,23.0,4.0,0.0,22.0,129.0,59.0,92.0
Maharashtra,Thane,400605,2025-03,0.0,0.0,0.0,314.0,2814.0,794.0,2128.0
Maharashtra,Thane,400605,2025-04,0.0,0.0,0.0,0.0,0.0,1068.0,2086.0
Maharashtra,Thane,400605,2025-05,0.0,0.0,0.0,116.0,1111.0,764.0,1631.0
Maharashtra,Thane,400605,2025-06,57.0,69.0,0.0,0.0,0.0,437.0,1255.0
Maharashtra,Thane,400605,2025-07,0.0,0.0,0.0,0.0,0.0,683.0,1567.0
Maharashtra,Thane,400605,2025-08,0.0,0.0,0.0,0.0,0.0,477.0,1118.0
Maharashtra,Thane,400605,2025-09,123.0,96.0,0.0,126.0,863.0,897.0,897.0
Maharashtra,Thane,400605,2025-10,86.0,35.0,2.0,102.0,752.0,1059.0,1282.0
Maharashtra,Thane,400605,2025-11,180.0,47.0,1.0,162.0,2033.0,1430.0,2057.0
Maharashtra,Thane,400605,2025-12,91.0,22.0,12.0,179.0,1993.0,1024.0,1555.0
Maharashtra,Thane,400605,2026-01,18.0,13.0,0.0,16.0,117.0,33.0,50.0
Maharashtra,Thane,400606,2025-03,0.0,0.0,0.0,204.0,2042.0,584.0,1680.0
Maharashtra,Thane,400606,2025-04,0.0,0.0,0.0,0.0,0.0,417.0,757.0
Maharashtra,Thane,400606,2025-05,0.0,0.0,0.0,0.0,0.0,250.0,551.0
Maharashtra,Thane,400606,2025-06,42.0,34.0,1.0,0.0,0.0,307.0,1007.0
Maharashtra,Thane,400606,2025-07,0.0,0.0,0.0,212.0,1710.0,283.0,898.0
Maharashtra,Thane,400606,2025-08,0.0,0.0,0.0,0.0,0.0,249.0,662.0
Maharashtra,Thane,400606,2025-09,91.0,43.0,1.0,103.0,631.0,1325.0,1093.0
Maharashtra,Thane,400606,2025-10,62.0,25.0,0.0,38.0,358.0,794.0,976.0
Maharashtra,Thane,400606,2025-11,158.0,28.0,1.0,121.0,1389.0,1147.0,1799.0
Maharashtra,Thane,400606,2025-12,84.0,4.0,12.0,111.0,1401.0,1074.0,1712.0
Maharashtra,Thane,400606,2026-01,15.0,3.0,0.0,7.0,64.0,87.0,151.0
Maharashtra,Thane,400607,2025-03,0.0,0.0,0.0,121.0,1083.0,295.0,581.0
Maharashtra,Thane,400607,2025-04,84.0,22.0,22.0,0.0,0.0,310.0,604.0
Maharashtra,Thane,400607,2025-05,0.0,0.0,0.0,0.0,0.0,425.0,804.0
Maharashtra,Thane,400607,2025-06,45.0,30.0,2.0,242.0,1836.0,205.0,611.0
Maharashtra,Thane,400607,2025-07,0.0,0.0,0.0,0.0,0.0,212.0,534.0
Maharashtra,Thane,400607,2025-08,0.0,0.0,0.0,0.0,0.0,296.0,622.0
Maharashtra,Thane,400607,2025-09,173.0,56.0,5.0,152.0,913.0,1203.0,981.0
Maharashtra,Thane,400607,2025-10,102.0,16.0,1.0,70.0,518.0,857.0,781.0
Maharashtra,Thane,400607,2025-11,112.0,35.0,0.0,142.0,1480.0,788.0,796.0
Maharashtra,Thane,400607,2025-12,81.0,17.0,15.0,136.0,1507.0,483.0,638.0
Maharashtra,Thane,400607,2026-01,15.0,4.0,0.0,15.0,115.0,90.0,74.0
Maharashtra,Thane,400608,2025-03,0.0,0.0,0.0,30.0,298.0,30.0,92.0
Maharashtra,Thane,400608,2025-04,0.0,0.0,0.0,0.0,0.0,56.0,91.0
Maharashtra,Thane,400608,2025-05,0.0,0.0,0.0,0.0,0.0,129.0,279.0
Maharashtra,Thane,400608,2025-06,10.0,2.0,4.0,0.0,0.0,42.0,122.0
Maharashtra,Thane,400608,2025-07,0.0,0.0,0.0,0.0,0.0,43.0,101.0
Maharashtra,Thane,400608,2025-08,0.0,0.0,0.0,0.0,0.0,47.0,79.0
Maharashtra,Thane,400608,2025-09,22.0,6.0,3.0,14.0,209.0,127.0,136.0
Maharashtra,Thane,400608,2025-10,17.0,2.0,0.0,16.0,171.0,163.0,148.0
Maharashtra,Thane,400608,2025-11,37.0,3.0,1.0,36.0,475.0,133.0,160.0
Maharashtra,Thane,400608,2025-12,19.0,1.0,6.0,34.0,547.0,94.0,202.0
Maharashtra,Thane,400608,2026-01,13.0,0.0,0.0,5.0,28.0,23.0,20.0
Maharashtra,Thane,400610,2025-03,0.0,0.0,0.0,50.0,443.0,0.0,0.0
Maharashtra,Thane,400610,2025-04,0.0,0.0,0.0,0.0,0.0,136.0,299.0
Maharashtra,Thane,400610,2025-05,0.0,0.0,0.0,0.0,0.0,415.0,671.0
Maharashtra,Thane,400610,2025-06,12.0,12.0,0.0,0.0,0.0,108.0,377.0
Maharashtra,Thane,400610,2025-07,0.0,0.0,0.0,0.0,0.0,150.0,250.0
Maharashtra,Thane,400610,2025-08,0.0,0.0,0.0,0.0,0.0,125.0,236.0
Maharashtra,Thane,400610,2025-09,29.0,16.0,1.0,27.0,294.0,285.0,250.0
Maharashtra,Thane,400610,2025-10,27.0,5.0,0.0,28.0,191.0,357.0,329.0
Maharashtra,Thane,400610,2025-11,47.0,9.0,1.0,59.0,576.0,477.0,367.0
Maharashtra,Thane,400610,2025-12,32.0,3.0,22.0,57.0,630.0,205.0,358.0
Maharashtra,Thane,400610,2026-01,11.0,0.0,0.0,4.0,59.0,44.0,81.0
Maharashtra,Thane,400612,2025-03,0.0,0.0,0.0,894.0,7114.0,1384.0,3636.0
Maharashtra,Thane,400612,2025-04,796.0,326.0,58.0,1222.0,7248.0,3086.0,5468.0
Maharashtra,Thane,400612,2025-05,381.0,264.0,17.0,683.0,3895.0,2301.0,4110.0
Maharashtra,Thane,400612,2025-06,571.0,669.0,40.0,611.0,3578.0,866.0,2345.0
Maharashtra,Thane,400612,2025-07,723.0,690.0,15.0,799.0,4745.0,1492.0,3242.0
Maharashtra,Thane,400612,2025-08,0.0,0.0,0.0,0.0,0.0,1688.0,3112.0
Maharashtra,Thane,400612,2025-09,513.0,406.0,0.0,630.0,3431.0,2925.0,3041.0
Maharashtra,Thane,400612,2025-10,242.0,128.0,7.0,310.0,2172.0,2245.0,3656.0
Maharashtra,Thane,400612,2025-11,527.0,205.0,7.0,799.0,6677.0,2413.0,4613.0
Maharashtra,Thane,400612,2025-12,310.0,87.0,7.0,1144.0,8383.0,3485.0,5718.0
Maharashtra,Thane,400612,2026-01,167.0,61.0,11.0,52.0,541.0,371.0,726.0
Maharashtra,Thane,400614,2025-03,0.0,0.0,0.0,23.0,332.0,103.0,238.0
Maharashtra,Thane,400614,2025-04,0.0,0.0,0.0,0.0,0.0,130.0,214.0
Maharashtra,Thane,400614,2025-05,0.0,0.0,0.0,0.0,0.0,323.0,531.0
Maharashtra,Thane,400614,2025-06,11.0,9.0,0.0,0.0,0.0,96.0,224.0
Maharashtra,Thane,400614,2025-07,0.0,0.0,0.0,0.0,0.0,160.0,144.0
Maharashtra,Thane,400614,2025-08,0.0,0.0,0.0,0.0,0.0,90.0,138.0
Maharashtra,Thane,400614,2025-09,61.0,15.0,1.0,43.0,263.0,204.0,219.0
Maharashtra,Thane,400614,2025-10,25.0,1.0,0.0,21.0,188.0,170.0,225.0
Maharashtra,Thane,400614,2025-11,28.0,13.0,0.0,29.0,472.0,243.0,215.0
Maharashtra,Thane,400614,2025-12,32.0,5.0,0.0,50.0,520.0,179.0,223.0
Maharashtra,Thane,400614,2026-01,3.0,1.0,3.0,4.0,28.0,20.0,12.0
Maharashtra,Thane,400615,2025-03,0.0,0.0,0.0,99.0,966.0,155.0,579.0
Maharashtra,Thane,400615,2025-04,0.0,0.0,0.0,0.0,0.0,352.0,912.0
Maharashtra,Thane,400615,2025-05,0.0,0.0,0.0,0.0,0.0,395.0,880.0
Maharashtra,Thane,400615,2025-06,19.0,22.0,2.0,0.0,0.0,226.0,666.0
Maharashtra,Thane,400615,2025-07,0.0,0.0,0.0,0.0,0.0,204.0,582.0
Maharashtra,Thane,400615,2025-08,0.0,0.0,0.0,0.0,0.0,209.0,551.0
Maharashtra,Thane,400615,2025-09,112.0,56.0,0.0,70.0,822.0,298.0,560.0
Maharashtra,Thane,400615,2025-10,79.0,19.0,0.0,63.0,524.0,318.0,643.0
Maharashtra,Thane,400615,2025-11,103.0,28.0,2.0,110.0,1208.0,523.0,709.0
Maharashtra,Thane,400615,2025-12,46.0,8.0,0.0,121.0,1463.0,354.0,609.0
Maharashtra,Thane,400615,2026-01,12.0,6.0,0.0,9.0,69.0,59.0,75.0
Maharashtra,Thane,400701,2025-03,0.0,0.0,0.0,210.0,2362.0,548.0,1392.0
Maharashtra,Thane,400701,2025-05,0.0,0.0,0.0,0.0,0.0,518.0,915.0
Maharashtra,Thane,400701,2025-06,265.0,174.0,34.0,0.0,0.0,290.0,595.0
Maharashtra,Thane,400701,2025-07,0.0,0.0,0.0,0.0,0.0,418.0,638.0
Maharashtra,Thane,400701,2025-08,0.0,0.0,0.0,0.0,0.0,325.0,635.0
Maharashtra,Thane,400701,2025-09,131.0,62.0,1.0,115.0,766.0,1000.0,852.0
Maharashtra,Thane,400701,2025-10,81.0,21.0,1.0,70.0,514.0,520.0,737.0
Maharashtra,Thane,400701,2025-11,113.0,38.0,1.0,144.0,1437.0,662.0,1075.0
Maharashtra,Thane,400701,2025-12,114.0,30.0,0.0,163.0,1663.0,915.0,1025.0
Maharashtra,Thane,400701,2026-01,30.0,17.0,0.0,19.0,107.0,135.0,195.0
Maharashtra,Thane,400703,2025-03,0.0,0.0,0.0,140.0,1684.0,524.0,960.0
Maharashtra,Thane,400703,2025-05,0.0,0.0,0.0,0.0,0.0,489.0,627.0
Maharashtra,Thane,400703,2025-06,89.0,85.0,32.0,0.0,0.0,380.0,667.0
Maharashtra,Thane,400703,2025-07,0.0,0.0,0.0,0.0,0.0,439.0,621.0
Maharashtra,Thane,400703,2025-08,0.0,0.0,0.0,0.0,0.0,314.0,440.0
Maharashtra,Thane,400703,2025-09,76.0,21.0,1.0,97.0,515.0,1476.0,815.0
Maharashtra,Thane,400703,2025-10,82.0,8.0,1.0,37.0,317.0,575.0,468.0
Maharashtra,Thane,400703,2025-11,116.0,26.0,1.0,127.0,1105.0,815.0,784.0
Maharashtra,Thane,400703,2025-12,65.0,13.0,3.0,142.0,1508.0,580.0,767.0
Maharashtra,Thane,400703,2026-01,11.0,4.0,0.0,7.0,59.0,53.0,55.0
Maharashtra,Thane,400705,2025-03,0.0,0.0,0.0,44.0,685.0,156.0,482.0
Maharashtra,Thane,400705,2025-04,0.0,0.0,0.0,0.0,0.0,172.0,418.0
Maharashtra,Thane,400705,2025-05,0.0,0.0,0.0,0.0,0.0,494.0,1018.0
Maharashtra,Thane,400705,2025-06,80.0,60.0,11.0,0.0,0.0,92.0,294.0
Maharashtra,Thane,400705,2025-07,0.0,0.0,0.0,0.0,0.0,284.0,420.0
Maharashtra,Thane,400705,2025-08,0.0,0.0,0.0,0.0,0.0,165.0,300.0
Maharashtra,Thane,400705,2025-09,88.0,25.0,0.0,41.0,434.0,494.0,422.0
Maharashtra,Thane,400705,2025-10,60.0,21.0,0.0,40.0,347.0,292.0,524.0
Maharashtra,Thane,400705,2025-11,95.0,23.0,0.0,55.0,1108.0,351.0,602.0
Maharashtra,Thane,400705,2025-12,68.0,15.0,1.0,100.0,1297.0,372.0,552.0
Maharashtra,Thane,400705,2026-01,17.0,3.0,0.0,9.0,89.0,39.0,51.0
Maharashtra,Thane,400706,2025-03,0.0,0.0,0.0,130.0,1399.0,361.0,814.0
Maharashtra,Thane,400706,2025-04,0.0,0.0,0.0,0.0,0.0,692.0,1410.0
Maharashtra,Thane,400706,2025-05,0.0,0.0,0.0,145.0,1161.0,92.0,167.0
Maharashtra,Thane,400706,2025-06,137.0,69.0,30.0,150.0,1234.0,375.0,656.0
Maharashtra,Thane,400706,2025-07,0.0,0.0,0.0,0.0,0.0,563.0,882.0
Maharashtra,Thane,400706,2025-08,0.0,0.0,0.0,0.0,0.0,388.0,536.0
Maharashtra,Thane,400706,2025-09,161.0,50.0,1.0,107.0,831.0,1249.0,771.0
Maharashtra,Thane,400706,2025-10,121.0,10.0,2.0,75.0,598.0,851.0,1021.0
Maharashtra,Thane,400706,2025-11,181.0,25.0,0.0,198.0,1753.0,1007.0,909.0
Maharashtra,Thane,400706,2025-12,128.0,22.0,3.0,229.0,2150.0,741.0,847.0
Maharashtra,Thane,400706,2026-01,43.0,8.0,1.0,33.0,170.0,144.0,120.0
Maharashtra,Thane,400708,2025-03,0.0,0.0,0.0,262.0,2562.0,746.0,2066.0
Maharashtra,Thane,400708,2025-04,0.0,0.0,0.0,0.0,0.0,938.0,1718.0
Maharashtra,Thane,400708,2025-05,0.0,0.0,0.0,131.0,1055.0,683.0,1253.0
Maharashtra,Thane,400708,2025-06,255.0,148.0,14.0,0.0,0.0,520.0,1289.0
Maharashtra,Thane,400708,2025-07,0.0,0.0,0.0,0.0,0.0,509.0,1008.0
Maharashtra,Thane,400708,2025-08,0.0,0.0,0.0,0.0,0.0,447.0,889.0
Maharashtra,Thane,400708,2025-09,131.0,68.0,0.0,137.0,1007.0,790.0,858.0
Maharashtra,Thane,400708,2025-10,147.0,46.0,1.0,90.0,727.0,819.0,1127.0
Maharashtra,Thane,400708,2025-11,147.0,44.0,1.0,143.0,1851.0,1492.0,1395.0
Maharashtra,Thane,400708,2025-12,133.0,27.0,3.0,180.0,2048.0,799.0,1129.0
Maharashtra,Thane,400708,2026-01,29.0,8.0,0.0,14.0,107.0,93.0,130.0
Maharashtra,Thane,400709,2025-03,0.0,0.0,0.0,97.0,1106.0,0.0,0.0
Maharashtra,Thane,400709,2025-04,0.0,0.0,0.0,0.0,0.0,744.0,1296.0
Maharashtra,Thane,400709,2025-05,0.0,0.0,0.0,0.0,0.0,514.0,825.0
Maharashtra,Thane,400709,2025-06,217.0,101.0,24.0,0.0,0.0,321.0,670.0
Maharashtra,Thane,400709,2025-07,0.0,0.0,0.0,0.0,0.0,418.0,701.0
Maharashtra,Thane,400709,2025-08,0.0,0.0,0.0,0.0,0.0,250.0,564.0
Maharashtra,Thane,400709,2025-09,112.0,39.0,0.0,92.0,762.0,854.0,1041.0
Maharashtra,Thane,400709,2025-10,126.0,37.0,0.0,84.0,714.0,627.0,930.0
Maharashtra,Thane,400709,2025-11,181.0,18.0,0.0,135.0,1698.0,1540.0,1455.0
Maharashtra,Thane,400709,2025-12,103.0,3.0,1.0,149.0,1983.0,776.0,1300.0
Maharashtra,Thane,400709,2026-01,13.0,3.0,0.0,12.0,78.0,102.0,111.0
Maharashtra,Thane,400710,2025-04,0.0,0.0,0.0,0.0,0.0,23.0,43.0
Maharashtra,Thane,400710,2025-05,0.0,0.0,0.0,0.0,0.0,62.0,52.0
Maharashtra,Thane,400710,2025-06,2.0,2.0,0.0,0.0,0.0,45.0,79.0
Maharashtra,Thane,400710,2025-07,0.0,0.0,0.0,0.0,0.0,125.0,156.0
Maharashtra,Thane,400710,2025-08,0.0,0.0,0.0,0.0,0.0,15.0,63.0
Maharashtra,Thane,400710,2025-09,7.0,5.0,2.0,13.0,52.0,88.0,92.0
Maharashtra,Thane,400710,2025-10,5.0,0.0,0.0,6.0,45.0,86.0,72.0
Maharashtra,Thane,400710,2025-11,4.0,4.0,0.0,8.0,157.0,67.0,147.0
Maharashtra,Thane,400710,2025-12,7.0,0.0,0.0,8.0,135.0,39.0,86.0
Maharashtra,Thane,400710,2026-01,1.0,1.0,0.0,0.0,6.0,9.0,8.0
Maharashtra,Thane,401101,2025-03,0.0,0.0,0.0,71.0,753.0,170.0,495.0
Maharashtra,Thane,401101,2025-04,0.0,0.0,0.0,0.0,0.0,278.0,732.0
Maharashtra,Thane,401101,2025-05,0.0,0.0,0.0,0.0,0.0,479.0,1063.0
Maharashtra,Thane,401101,2025-06,46.0,35.0,3.0,0.0,0.0,373.0,961.0
Maharashtra,Thane,401101,2025-07,0.0,0.0,0.0,0.0,0.0,317.0,1015.0
Maharashtra,Thane,401101,2025-08,0.0,0.0,0.0,0.0,0.0,142.0,519.0
Maharashtra,Thane,401101,2025-09,61.0,31.0,3.0,54.0,589.0,388.0,789.0
Maharashtra,Thane,401101,2025-10,66.0,23.0,0.0,27.0,439.0,353.0,835.0
Maharashtra,Thane,401101,2025-11,88.0,36.0,2.0,81.0,1106.0,641.0,1563.0
Maharashtra,Thane,401101,2025-12,83.0,13.0,0.0,93.0,1175.0,520.0,1021.0
Maharashtra,Thane,401101,2026-01,9.0,4.0,1.0,4.0,79.0,62.0,105.0
Maharashtra,Thane,401102,2025-03,0.0,0.0,0.0,0.0,0.0,21.0,313.0
Maharashtra,Thane,401102,2025-05,0.0,0.0,0.0,0.0,0.0,1.0,64.0
Maharashtra,Thane,401102,2025-06,5.0,0.0,0.0,0.0,0.0,15.0,185.0
Maharashtra,Thane,401102,2025-07,0.0,0.0,0.0,0.0,0.0,12.0,174.0
Maharashtra,Thane,401102,2025-08,0.0,0.0,0.0,0.0,0.0,2.0,63.0
Maharashtra,Thane,401102,2025-09,13.0,1.0,0.0,0.0,122.0,16.0,188.0
Maharashtra,Thane,401102,2025-10,11.0,0.0,0.0,0.0,151.0,14.0,378.0
Maharashtra,Thane,401102,2025-11,6.0,1.0,0.0,3.0,696.0,21.0,547.0
Maharashtra,Thane,401102,2025-12,8.0,1.0,0.0,4.0,352.0,25.0,506.0
Maharashtra,Thane,401102,2026-01,2.0,0.0,0.0,0.0,14.0,2.0,50.0
Maharashtra,Thane,401103,2025-05,0.0,0.0,0.0,0.0,0.0,0.0,38.0
Maharashtra,Thane,401103,2025-06,2.0,4.0,0.0,0.0,0.0,1.0,129.0
Maharashtra,Thane,401103,2025-07,0.0,0.0,0.0,0.0,0.0,1.0,194.0
Maharashtra,Thane,401103,2025-08,0.0,0.0,0.0,0.0,0.0,2.0,106.0
Maharashtra,Thane,401103,2025-09,14.0,4.0,0.0,0.0,83.0,5.0,228.0
Maharashtra,Thane,401103,2025-10,2.0,1.0,0.0,0.0,86.0,0.0,187.0
Maharashtra,Thane,401103,2025-11,1.0,0.0,0.0,0.0,265.0,4.0,480.0
Maharashtra,Thane,401103,2025-12,0.0,0.0,0.0,0.0,184.0,11.0,364.0
Maharashtra,Thane,401103,2026-01,0.0,1.0,0.0,1.0,7.0,1.0,1.0
Maharashtra,Thane,401104,2025-05,0.0,0.0,0.0,0.0,0.0,1.0,10.0
Maharashtra,Thane,401104,2025-06,1.0,3.0,0.0,0.0,0.0,2.0,31.0
Maharashtra,Thane,401104,2025-07,0.0,0.0,0.0,0.0,0.0,1.0,28.0
Maharashtra,Thane,401104,2025-08,0.0,0.0,0.0,0.0,0.0,1.0,26.0
Maharashtra,Thane,401104,2025-09,1.0,0.0,0.0,0.0,21.0,2.0,23.0
Maharashtra,Thane,401104,2025-10,1.0,0.0,0.0,0.0,11.0,1.0,43.0
Maharashtra,Thane,401104,2025-11,2.0,0.0,0.0,0.0,58.0,4.0,94.0
Maharashtra,Thane,401104,2025-12,2.0,0.0,0.0,0.0,26.0,1.0,55.0
Maharashtra,Thane,401104,2026-01,1.0,0.0,0.0,0.0,2.0,0.0,4.0
Maharashtra,Thane,401105,2025-03,0.0,0.0,0.0,108.0,1218.0,0.0,0.0
Maharashtra,Thane,401105,2025-04,0.0,0.0,0.0,0.0,0.0,714.0,1730.0
Maharashtra,Thane,401105,2025-05,0.0,0.0,0.0,0.0,0.0,1180.0,2509.0
Maharashtra,Thane,401105,2025-06,34.0,69.0,0.0,0.0,0.0,402.0,1025.0
Maharashtra,Thane,401105,2025-07,0.0,0.0,0.0,0.0,0.0,454.0,1175.0
Maharashtra,Thane,401105,2025-08,0.0,0.0,0.0,0.0,0.0,208.0,636.0
Maharashtra,Thane,401105,2025-09,116.0,73.0,2.0,94.0,931.0,348.0,821.0
Maharashtra,Thane,401105,2025-10,89.0,44.0,1.0,48.0,569.0,403.0,819.0
Maharashtra,Thane,401105,2025-11,138.0,89.0,4.0,151.0,1853.0,996.0,1426.0
Maharashtra,Thane,401105,2025-12,85.0,28.0,0.0,135.0,2085.0,718.0,1187.0
Maharashtra,Thane,401105,2026-01,10.0,11.0,0.0,9.0,84.0,92.0,123.0
Maharashtra,Thane,401106,2025-03,0.0,0.0,0.0,13.0,172.0,59.0,130.0
Maharashtra,Thane,401106,2025-04,0.0,0.0,0.0,0.0,0.0,222.0,200.0
Maharashtra,Thane,401106,2025-05,0.0,0.0,0.0,0.0,0.0,209.0,190.0
Maharashtra,Thane,401106,2025-06,13.0,9.0,0.0,0.0,0.0,417.0,723.0
Maharashtra,Thane,401106,2025-07,0.0,0.0,0.0,0.0,0.0,95.0,172.0
Maharashtra,Thane,401106,2025-08,0.0,0.0,0.0,0.0,0.0,76.0,159.0
Maharashtra,Thane,401106,2025-09,24.0,11.0,0.0,25.0,182.0,90.0,158.0
Maharashtra,Thane,401106,2025-10,39.0,8.0,0.0,30.0,222.0,170.0,355.0
Maharashtra,Thane,401106,2025-11,33.0,6.0,0.0,45.0,339.0,260.0,279.0
Maharashtra,Thane,401106,2025-12,10.0,1.0,2.0,34.0,278.0,79.0,220.0
Maharashtra,Thane,401106,2026-01,4.0,1.0,0.0,1.0,9.0,3.0,7.0
Maharashtra,Thane,401107,2025-03,0.0,0.0,0.0,328.0,3826.0,0.0,0.0
Maharashtra,Thane,401107,2025-04,292.0,182.0,10.0,379.0,3573.0,833.0,1678.0
Maharashtra,Thane,401107,2025-05,270.0,145.0,26.0,375.0,3488.0,1590.0,2958.0
Maharashtra,Thane,401107,2025-06,456.0,443.0,20.0,347.0,3551.0,609.0,1745.0
Maharashtra,Thane,401107,2025-07,798.0,938.0,40.0,832.0,8484.0,603.0,1553.0
Maharashtra,Thane,401107,2025-08,0.0,0.0,0.0,0.0,0.0,935.0,1694.0
Maharashtra,Thane,401107,2025-09,299.0,210.0,6.0,257.0,2648.0,1017.0,1664.0
Maharashtra,Thane,401107,2025-10,207.0,80.0,4.0,162.0,1785.0,848.0,1658.0
Maharashtra,Thane,401107,2025-11,387.0,159.0,7.0,471.0,5386.0,2386.0,2915.0
Maharashtra,Thane,401107,2025-12,273.0,108.0,3.0,521.0,5891.0,1739.0,2424.0
Maharashtra,Thane,401107,2026-01,91.0,39.0,1.0,46.0,442.0,218.0,285.0
Maharashtra,Thane,401201,2025-03,0.0,0.0,0.0,0.0,0.0,64.0,598.0
Maharashtra,Thane,401201,2025-04,0.0,0.0,0.0,0.0,0.0,25.0,289.0
Maharashtra,Thane,401201,2025-05,0.0,0.0,0.0,0.0,0.0,69.0,374.0
Maharashtra,Thane,401201,2025-06,5.0,13.0,0.0,0.0,0.0,30.0,337.0
Maharashtra,Thane,401201,2025-07,0.0,0.0,0.0,0.0,0.0,25.0,309.0
Maharashtra,Thane,401201,2025-08,0.0,0.0,0.0,0.0,0.0,16.0,220.0
Maharashtra,Thane,401201,2025-09,33.0,4.0,0.0,1.0,132.0,40.0,176.0
Maharashtra,Thane,401201,2025-10,18.0,0.0,0.0,0.0,152.0,26.0,246.0
Maharashtra,Thane,401201,2025-11,17.0,3.0,0.0,3.0,676.0,19.0,496.0
Maharashtra,Thane,401201,2025-12,9.0,1.0,0.0,6.0,602.0,39.0,591.0
Maharashtra,Thane,401201,2026-01,3.0,0.0,0.0,0.0,25.0,5.0,59.0
Maharashtra,Thane,401202,2025-03,0.0,0.0,0.0,0.0,0.0,15.0,235.0
Maharashtra,Thane,401202,2025-04,0.0,0.0,0.0,0.0,0.0,44.0,402.0
Maharashtra,Thane,401202,2025-05,0.0,0.0,0.0,0.0,0.0,45.0,375.0
Maharashtra,Thane,401202,2025-06,6.0,10.0,0.0,0.0,0.0,61.0,615.0
Maharashtra,Thane,401202,2025-07,0.0,0.0,0.0,0.0,0.0,8.0,222.0
Maharashtra,Thane,401202,2025-08,0.0,0.0,0.0,0.0,0.0,2.0,116.0
Maharashtra,Thane,401202,2025-09,31.0,7.0,0.0,3.0,236.0,22.0,224.0
Maharashtra,Thane,401202,2025-10,24.0,3.0,0.0,2.0,179.0,13.0,287.0
Maharashtra,Thane,401202,2025-11,16.0,4.0,0.0,4.0,446.0,15.0,297.0
Maharashtra,Thane,401202,2025-12,2.0,1.0,0.0,3.0,592.0,34.0,385.0
Maharashtra,Thane,401202,2026-01,4.0,0.0,0.0,0.0,47.0,2.0,36.0
Maharashtra,Thane,401203,2025-03,0.0,0.0,0.0,0.0,0.0,20.0,205.0
Maharashtra,Thane,401203,2025-04,0.0,0.0,0.0,0.0,0.0,33.0,207.0
Maharashtra,Thane,401203,2025-05,0.0,0.0,0.0,0.0,0.0,55.0,345.0
Maharashtra,Thane,401203,2025-06,8.0,12.0,0.0,0.0,0.0,55.0,370.0
Maharashtra,Thane,401203,2025-07,0.0,0.0,0.0,0.0,0.0,31.0,242.0
Maharashtra,Thane,401203,2025-08,0.0,0.0,0.0,0.0,0.0,16.0,227.0
Maharashtra,Thane,401203,2025-09,11.0,11.0,0.0,4.0,237.0,70.0,386.0
Maharashtra,Thane,401203,2025-10,14.0,7.0,0.0,1.0,123.0,28.0,343.0
Maharashtra,Thane,401203,2025-11,30.0,2.0,0.0,12.0,357.0,63.0,341.0
Maharashtra,Thane,401203,2025-12,12.0,6.0,0.0,8.0,333.0,106.0,462.0
Maharashtra,Thane,401203,2026-01,7.0,2.0,0.0,0.0,30.0,16.0,56.0
Maharashtra,Thane,401204,2025-04,0.0,0.0,0.0,0.0,0.0,18.0,53.0
Maharashtra,Thane,401204,2025-05,0.0,0.0,0.0,0.0,0.0,37.0,189.0
Maharashtra,Thane,401204,2025-06,7.0,2.0,0.0,0.0,0.0,20.0,156.0
Maharashtra,Thane,401204,2025-07,0.0,0.0,0.0,0.0,0.0,19.0,103.0
Maharashtra,Thane,401204,2025-08,0.0,0.0,0.0,0.0,0.0,28.0,81.0
Maharashtra,Thane,401204,2025-09,10.0,2.0,0.0,5.0,86.0,53.0,106.0
Maharashtra,Thane,401204,2025-10,12.0,5.0,0.0,8.0,217.0,47.0,221.0
Maharashtra,Thane,401204,2025-11,8.0,1.0,0.0,19.0,499.0,111.0,221.0
Maharashtra,Thane,401204,2025-12,4.0,0.0,0.0,9.0,227.0,43.0,163.0
Maharashtra,Thane,401204,2026-01,4.0,0.0,0.0,0.0,4.0,9.0,18.0
Maharashtra,Thane,401206,2025-05,0.0,0.0,0.0,0.0,0.0,1.0,9.0
Maharashtra,Thane,401206,2025-06,4.0,0.0,0.0,0.0,0.0,24.0,47.0
Maharashtra,Thane,401206,2025-07,0.0,0.0,0.0,0.0,0.0,3.0,53.0
Maharashtra,Thane,401206,2025-08,0.0,0.0,0.0,0.0,0.0,19.0,51.0
Maharashtra,Thane,401206,2025-09,3.0,3.0,0.0,0.0,15.0,43.0,49.0
Maharashtra,Thane,401206,2025-10,6.0,3.0,0.0,4.0,61.0,20.0,77.0
Maharashtra,Thane,401206,2025-11,13.0,2.0,0.0,7.0,179.0,41.0,83.0
Maharashtra,Thane,401206,2025-12,0.0,0.0,0.0,4.0,68.0,16.0,39.0
Maharashtra,Thane,401206,2026-01,0.0,0.0,0.0,0.0,2.0,2.0,5.0
Maharashtra,Thane,401207,2025-03,0.0,0.0,0.0,0.0,0.0,30.0,106.0
Maharashtra,Thane,401207,2025-05,0.0,0.0,0.0,0.0,0.0,25.0,90.0
Maharashtra,Thane,401207,2025-06,4.0,2.0,0.0,0.0,0.0,21.0,95.0
Maharashtra,Thane,401207,2025-07,0.0,0.0,0.0,0.0,0.0,2.0,80.0
Maharashtra,Thane,401207,2025-08,0.0,0.0,0.0,0.0,0.0,4.0,60.0
Maharashtra,Thane,401207,2025-09,7.0,0.0,0.0,0.0,45.0,12.0,47.0
Maharashtra,Thane,401207,2025-10,4.0,0.0,0.0,0.0,37.0,12.0,92.0
Maharashtra,Thane,401207,2025-11,3.0,1.0,0.0,0.0,181.0,28.0,137.0
Maharashtra,Thane,401207,2025-12,5.0,0.0,0.0,0.0,168.0,12.0,86.0
Maharashtra,Thane,401207,2026-01,0.0,0.0,0.0,0.0,9.0,2.0,13.0
Maharashtra,Thane,401208,2025-04,0.0,0.0,0.0,0.0,0.0,31.0,364.0
Maharashtra,Thane,401208,2025-05,0.0,0.0,0.0,0.0,0.0,80.0,530.0
Maharashtra,Thane,401208,2025-06,9.0,18.0,0.0,0.0,0.0,18.0,314.0
Maharashtra,Thane,401208,2025-07,0.0,0.0,0.0,0.0,0.0,25.0,554.0
Maharashtra,Thane,401208,2025-08,0.0,0.0,0.0,0.0,0.0,16.0,285.0
Maharashtra,Thane,401208,2025-09,47.0,33.0,0.0,5.0,295.0,47.0,283.0
Maharashtra,Thane,401208,2025-10,35.0,9.0,0.0,10.0,245.0,31.0,470.0
Maharashtra,Thane,401208,2025-11,59.0,18.0,0.0,12.0,822.0,40.0,927.0
Maharashtra,Thane,401208,2025-12,38.0,7.0,0.0,11.0,910.0,46.0,960.0
Maharashtra,Thane,401208,2026-01,7.0,3.0,0.0,0.0,55.0,7.0,57.0
Maharashtra,Thane,401209,2025-03,0.0,0.0,0.0,14.0,699.0,74.0,826.0
Maharashtra,Thane,401209,2025-05,0.0,0.0,0.0,0.0,0.0,178.0,1207.0
Maharashtra,Thane,401209,2025-06,18.0,24.0,0.0,0.0,0.0,74.0,787.0
Maharashtra,Thane,401209,2025-07,0.0,0.0,0.0,0.0,0.0,74.0,810.0
Maharashtra,Thane,401209,2025-08,0.0,0.0,0.0,0.0,0.0,43.0,563.0
Maharashtra,Thane,401209,2025-09,59.0,46.0,0.0,19.0,530.0,99.0,733.0
Maharashtra,Thane,401209,2025-10,39.0,22.0,0.0,3.0,369.0,78.0,919.0
Maharashtra,Thane,401209,2025-11,61.0,33.0,0.0,13.0,1248.0,117.0,1245.0
Maharashtra,Thane,401209,2025-12,46.0,16.0,0.0,11.0,1185.0,131.0,1044.0
Maharashtra,Thane,401209,2026-01,7.0,4.0,0.0,0.0,44.0,5.0,59.0
Maharashtra,Thane,401301,2025-03,0.0,0.0,0.0,0.0,0.0,14.0,93.0
Maharashtra,Thane,401301,2025-04,0.0,0.0,0.0,0.0,0.0,20.0,73.0
Maharashtra,Thane,401301,2025-05,0.0,0.0,0.0,0.0,0.0,53.0,151.0
Maharashtra,Thane,401301,2025-06,3.0,1.0,0.0,0.0,0.0,39.0,136.0
Maharashtra,Thane,401301,2025-07,0.0,0.0,0.0,0.0,0.0,9.0,145.0
Maharashtra,Thane,401301,2025-08,0.0,0.0,0.0,0.0,0.0,10.0,81.0
Maharashtra,Thane,401301,2025-09,18.0,1.0,0.0,2.0,87.0,50.0,136.0
Maharashtra,Thane,401301,2025-10,8.0,2.0,0.0,3.0,59.0,44.0,204.0
Maharashtra,Thane,401301,2025-11,15.0,0.0,0.0,0.0,307.0,57.0,302.0
Maharashtra,Thane,401301,2025-12,2.0,1.0,0.0,4.0,174.0,44.0,213.0
Maharashtra,Thane,401301,2026-01,0.0,1.0,0.0,0.0,9.0,0.0,4.0
Maharashtra,Thane,401302,2025-05,0.0,0.0,0.0,0.0,0.0,3.0,40.0
Maharashtra,Thane,401302,2025-06,2.0,0.0,0.0,0.0,0.0,19.0,264.0
Maharashtra,Thane,401302,2025-07,0.0,0.0,0.0,0.0,0.0,5.0,57.0
Maharashtra,Thane,401302,2025-08,0.0,0.0,0.0,0.0,0.0,1.0,33.0
Maharashtra,Thane,401302,2025-09,26.0,9.0,0.0,2.0,47.0,20.0,147.0
Maharashtra,Thane,401302,2025-10,21.0,0.0,0.0,1.0,41.0,11.0,168.0
Maharashtra,Thane,401302,2025-11,8.0,1.0,0.0,1.0,172.0,14.0,175.0
Maharashtra,Thane,401302,2025-12,0.0,1.0,0.0,2.0,153.0,30.0,166.0
Maharashtra,Thane,401302,2026-01,4.0,1.0,0.0,0.0,5.0,6.0,35.0
Maharashtra,Thane,401303,2025-03,0.0,0.0,0.0,0.0,0.0,31.0,344.0
Maharashtra,Thane,401303,2025-04,0.0,0.0,0.0,0.0,0.0,45.0,257.0
Maharashtra,Thane,401303,2025-05,0.0,0.0,0.0,0.0,0.0,224.0,864.0
Maharashtra,Thane,401303,2025-06,17.0,17.0,0.0,0.0,0.0,47.0,301.0
Maharashtra,Thane,401303,2025-07,0.0,0.0,0.0,0.0,0.0,25.0,265.0
Maharashtra,Thane,401303,2025-08,0.0,0.0,0.0,0.0,0.0,30.0,295.0
Maharashtra,Thane,401303,2025-09,23.0,6.0,0.0,10.0,277.0,52.0,304.0
Maharashtra,Thane,401303,2025-10,19.0,2.0,0.0,7.0,260.0,40.0,343.0
Maharashtra,Thane,401303,2025-11,20.0,12.0,0.0,11.0,1256.0,203.0,819.0
Maharashtra,Thane,401303,2025-12,10.0,4.0,0.0,10.0,709.0,134.0,454.0
Maharashtra,Thane,401303,2026-01,1.0,2.0,0.0,0.0,24.0,22.0,59.0
Maharashtra,Thane,401304,2025-04,0.0,0.0,0.0,0.0,0.0,11.0,72.0
Maharashtra,Thane,401304,2025-05,0.0,0.0,0.0,0.0,0.0,3.0,18.0
Maharashtra,Thane,401304,2025-06,6.0,0.0,0.0,0.0,0.0,1.0,49.0
Maharashtra,Thane,401304,2025-07,0.0,0.0,0.0,0.0,0.0,4.0,84.0
Maharashtra,Thane,401304,2025-08,0.0,0.0,0.0,0.0,0.0,11.0,53.0
Maharashtra,Thane,401304,2025-09,6.0,0.0,0.0,0.0,26.0,8.0,86.0
Maharashtra,Thane,401304,2025-10,3.0,2.0,0.0,0.0,27.0,9.0,86.0
Maharashtra,Thane,401304,2025-11,5.0,1.0,0.0,0.0,87.0,5.0,200.0
Maharashtra,Thane,401304,2025-12,3.0,2.0,0.0,0.0,59.0,15.0,148.0
Maharashtra,Thane,401304,2026-01,1.0,0.0,0.0,0.0,4.0,0.0,13.0
Maharashtra,Thane,401305,2025-03,0.0,0.0,0.0,16.0,366.0,54.0,512.0
Maharashtra,Thane,401305,2025-04,0.0,0.0,0.0,0.0,0.0,80.0,428.0
Maharashtra,Thane,401305,2025-05,0.0,0.0,0.0,0.0,0.0,156.0,568.0
Maharashtra,Thane,401305,2025-06,11.0,13.0,0.0,0.0,0.0,75.0,374.0
Maharashtra,Thane,401305,2025-07,0.0,0.0,0.0,0.0,0.0,84.0,519.0
Maharashtra,Thane,401305,2025-08,0.0,0.0,0.0,0.0,0.0,43.0,440.0
Maharashtra,Thane,401305,2025-09,26.0,18.0,0.0,17.0,307.0,145.0,502.0
Maharashtra,Thane,401305,2025-10,34.0,7.0,0.0,9.0,236.0,72.0,458.0
Maharashtra,Thane,401305,2025-11,32.0,6.0,0.0,14.0,837.0,339.0,993.0
Maharashtra,Thane,401305,2025-12,28.0,9.0,0.0,8.0,833.0,477.0,1120.0
Maharashtra,Thane,401305,2026-01,8.0,0.0,0.0,3.0,38.0,26.0,86.0
Maharashtra,Thane,401401,2025-05,0.0,0.0,0.0,0.0,0.0,0.0,15.0
Maharashtra,Thane,401401,2025-06,0.0,0.0,0.0,0.0,0.0,1.0,45.0
Maharashtra,Thane,401401,2025-07,0.0,0.0,0.0,0.0,0.0,0.0,38.0
Maharashtra,Thane,401401,2025-08,0.0,0.0,0.0,0.0,0.0,1.0,31.0
Maharashtra,Thane,401401,2025-09,5.0,0.0,0.0,1.0,25.0,1.0,39.0
Maharashtra,Thane,401401,2025-10,3.0,0.0,0.0,2.0,33.0,2.0,94.0
Maharashtra,Thane,401401,2025-11,0.0,0.0,0.0,0.0,196.0,3.0,131.0
Maharashtra,Thane,401401,2025-12,3.0,0.0,0.0,0.0,127.0,4.0,123.0
Maharashtra,Thane,401401,2026-01,0.0,0.0,0.0,0.0,6.0,0.0,8.0
Maharashtra,Thane,401402,2025-05,0.0,0.0,0.0,0.0,0.0,0.0,19.0
Maharashtra,Thane,401402,2025-06,2.0,2.0,0.0,0.0,0.0,0.0,30.0
Maharashtra,Thane,401402,2025-07,0.0,0.0,0.0,0.0,0.0,4.0,38.0
Maharashtra,Thane,401402,2025-08,0.0,0.0,0.0,0.0,0.0,2.0,22.0
Maharashtra,Thane,401402,2025-09,4.0,0.0,0.0,2.0,9.0,13.0,43.0
Maharashtra,Thane,401402,2025-10,0.0,1.0,0.0,0.0,37.0,2.0,75.0
Maharashtra,Thane,401402,2025-11,2.0,0.0,0.0,0.0,165.0,2.0,75.0
Maharashtra,Thane,401402,2025-12,2.0,0.0,0.0,0.0,79.0,4.0,73.0
Maharashtra,Thane,401402,2026-01,0.0,0.0,0.0,0.0,5.0,0.0,0.0
Maharashtra,Thane,401403,2025-05,0.0,0.0,0.0,0.0,0.0,2.0,37.0
Maharashtra,Thane,401403,2025-06,4.0,2.0,1.0,0.0,0.0,14.0,452.0
Maharashtra,Thane,401403,2025-07,0.0,0.0,0.0,0.0,0.0,1.0,211.0
Maharashtra,Thane,401403,2025-08,0.0,0.0,0.0,0.0,0.0,1.0,191.0
Maharashtra,Thane,401403,2025-09,10.0,4.0,0.0,2.0,185.0,10.0,199.0
Maharashtra,Thane,401403,2025-10,2.0,3.0,0.0,1.0,402.0,5.0,298.0
Maharashtra,Thane,401403,2025-11,8.0,5.0,0.0,0.0,1493.0,7.0,424.0
Maharashtra,Thane,401403,2025-12,1.0,0.0,0.0,0.0,500.0,4.0,406.0
Maharashtra,Thane,401403,2026-01,0.0,0.0,0.0,0.0,28.0,0.0,6.0
Maharashtra,Thane,401404,2025-03,0.0,0.0,0.0,0.0,0.0,62.0,696.0
Maharashtra,Thane,401404,2025-04,0.0,0.0,0.0,0.0,0.0,17.0,322.0
Maharashtra,Thane,401404,2025-05,0.0,0.0,0.0,0.0,0.0,8.0,162.0
Maharashtra,Thane,401404,2025-06,11.0,2.0,4.0,0.0,0.0,25.0,495.0
Maharashtra,Thane,401404,2025-07,0.0,0.0,0.0,0.0,0.0,12.0,380.0
Maharashtra,Thane,401404,2025-08,0.0,0.0,0.0,0.0,0.0,10.0,241.0
Maharashtra,Thane,401404,2025-09,20.0,16.0,0.0,6.0,200.0,36.0,314.0
Maharashtra,Thane,401404,2025-10,8.0,2.0,0.0,4.0,571.0,21.0,564.0
Maharashtra,Thane,401404,2025-11,34.0,4.0,0.0,4.0,1722.0,22.0,733.0
Maharashtra,Thane,401404,2025-12,11.0,0.0,0.0,2.0,771.0,17.0,688.0
Maharashtra,Thane,401404,2026-01,6.0,3.0,0.0,0.0,50.0,3.0,76.0
Maharashtra,Thane,401405,2025-05,0.0,0.0,0.0,0.0,0.0,2.0,25.0
Maharashtra,Thane,401405,2025-06,5.0,0.0,0.0,0.0,0.0,1.0,42.0
Maharashtra,Thane,401405,2025-07,0.0,0.0,0.0,0.0,0.0,0.0,71.0
Maharashtra,Thane,401405,2025-08,0.0,0.0,0.0,0.0,0.0,0.0,51.0
Maharashtra,Thane,401405,2025-09,4.0,0.0,0.0,0.0,60.0,1.0,48.0
Maharashtra,Thane,401405,2025-10,0.0,0.0,0.0,0.0,88.0,1.0,81.0
Maharashtra,Thane,401405,2025-11,1.0,0.0,0.0,0.0,328.0,4.0,107.0
Maharashtra,Thane,401405,2025-12,1.0,0.0,0.0,1.0,114.0,8.0,52.0
Maharashtra,Thane,401405,2026-01,0.0,0.0,0.0,0.0,3.0,0.0,2.0
Maharashtra,Thane,401501,2025-03,0.0,0.0,0.0,0.0,0.0,17.0,781.0
Maharashtra,Thane,401501,2025-04,0.0,0.0,0.0,0.0,0.0,26.0,938.0
Maharashtra,Thane,401501,2025-05,0.0,0.0,0.0,0.0,0.0,14.0,149.0
Maharashtra,Thane,401501,2025-06,13.0,22.0,0.0,0.0,0.0,11.0,436.0
Maharashtra,Thane,401501,2025-07,0.0,0.0,0.0,0.0,0.0,11.0,395.0
Maharashtra,Thane,401501,2025-08,0.0,0.0,0.0,0.0,0.0,10.0,256.0
Maharashtra,Thane,401501,2025-09,65.0,9.0,0.0,18.0,411.0,58.0,477.0
Maharashtra,Thane,401501,2025-10,18.0,1.0,0.0,5.0,360.0,34.0,450.0
Maharashtra,Thane,401501,2025-11,26.0,13.0,0.0,4.0,1257.0,40.0,692.0
Maharashtra,Thane,401501,2025-12,29.0,4.0,0.0,7.0,882.0,50.0,629.0
Maharashtra,Thane,401501,2026-01,8.0,0.0,0.0,0.0,61.0,2.0,46.0
Maharashtra,Thane,401502,2025-05,0.0,0.0,0.0,0.0,0.0,4.0,29.0
Maharashtra,Thane,401502,2025-06,1.0,2.0,0.0,0.0,0.0,2.0,60.0
Maharashtra,Thane,401502,2025-07,0.0,0.0,0.0,0.0,0.0,2.0,44.0
Maharashtra,Thane,401502,2025-08,0.0,0.0,0.0,0.0,0.0,5.0,52.0
Maharashtra,Thane,401502,2025-09,5.0,0.0,0.0,2.0,48.0,2.0,49.0
Maharashtra,Thane,401502,2025-10,0.0,0.0,0.0,0.0,77.0,4.0,67.0
Maharashtra,Thane,401502,2025-11,2.0,0.0,0.0,0.0,260.0,6.0,126.0
Maharashtra,Thane,401502,2025-12,2.0,0.0,0.0,0.0,190.0,14.0,140.0
Maharashtra,Thane,401502,2026-01,0.0,0.0,0.0,1.0,8.0,2.0,30.0
Maharashtra,Thane,401503,2025-05,0.0,0.0,0.0,0.0,0.0,1.0,29.0
Maharashtra,Thane,401503,2025-06,1.0,0.0,0.0,0.0,0.0,4.0,53.0
Maharashtra,Thane,401503,2025-07,0.0,0.0,0.0,0.0,0.0,1.0,73.0
Maharashtra,Thane,401503,2025-08,0.0,0.0,0.0,0.0,0.0,0.0,54.0
Maharashtra,Thane,401503,2025-09,4.0,4.0,0.0,0.0,61.0,3.0,80.0
Maharashtra,Thane,401503,2025-10,2.0,0.0,0.0,0.0,65.0,0.0,90.0
Maharashtra,Thane,401503,2025-11,0.0,0.0,0.0,2.0,323.0,9.0,118.0
Maharashtra,Thane,401503,2025-12,1.0,0.0,0.0,0.0,191.0,6.0,159.0
Maharashtra,Thane,401503,2026-01,0.0,0.0,0.0,0.0,3.0,0.0,11.0
Maharashtra,Thane,401504,2025-04,0.0,0.0,0.0,0.0,0.0,20.0,208.0
Maharashtra,Thane,401504,2025-05,0.0,0.0,0.0,0.0,0.0,0.0,7.0
Maharashtra,Thane,401504,2025-06,2.0,2.0,0.0,0.0,0.0,22.0,115.0
Maharashtra,Thane,401504,2025-07,0.0,0.0,0.0,0.0,0.0,7.0,86.0
Maharashtra,Thane,401504,2025-08,0.0,0.0,0.0,0.0,0.0,10.0,33.0
Maharashtra,Thane,401504,2025-09,0.0,5.0,0.0,0.0,54.0,19.0,78.0
Maharashtra,Thane,401504,2025-10,4.0,0.0,0.0,2.0,80.0,7.0,80.0
Maharashtra,Thane,401504,2025-11,2.0,1.0,0.0,0.0,173.0,25.0,123.0
Maharashtra,Thane,401504,2025-12,3.0,1.0,0.0,4.0,107.0,32.0,130.0
Maharashtra,Thane,401504,2026-01,1.0,0.0,0.0,0.0,6.0,3.0,23.0
Maharashtra,Thane,401506,2025-05,0.0,0.0,0.0,0.0,0.0,2.0,8.0
Maharashtra,Thane,401506,2025-06,2.0,2.0,0.0,0.0,0.0,3.0,28.0
Maharashtra,Thane,401506,2025-07,0.0,0.0,0.0,0.0,0.0,4.0,26.0
Maharashtra,Thane,401506,2025-08,0.0,0.0,0.0,0.0,0.0,0.0,32.0
Maharashtra,Thane,401506,2025-09,3.0,0.0,0.0,0.0,17.0,2.0,16.0
Maharashtra,Thane,401506,2025-10,1.0,0.0,0.0,1.0,24.0,0.0,35.0
Maharashtra,Thane,401506,2025-11,2.0,0.0,0.0,0.0,50.0,3.0,44.0
Maharashtra,Thane,401506,2025-12,0.0,0.0,0.0,0.0,33.0,3.0,34.0
Maharashtra,Thane,401506,2026-01,0.0,0.0,0.0,0.0,4.0,0.0,7.0
Maharashtra,Thane,401601,2025-05,0.0,0.0,0.0,0.0,0.0,0.0,43.0
Maharashtra,Thane,401601,2025-06,1.0,0.0,0.0,0.0,0.0,2.0,67.0
Maharashtra,Thane,401601,2025-07,0.0,0.0,0.0,0.0,0.0,4.0,77.0
Maharashtra,Thane,401601,2025-08,0.0,0.0,0.0,0.0,0.0,2.0,60.0
Maharashtra,Thane,401601,2025-09,3.0,3.0,0.0,0.0,75.0,4.0,105.0
Maharashtra,Thane,401601,2025-10,3.0,0.0,0.0,0.0,74.0,3.0,122.0
Maharashtra,Thane,401601,2025-11,3.0,0.0,0.0,0.0,227.0,10.0,149.0
Maharashtra,Thane,401601,2025-12,1.0,0.0,0.0,0.0,166.0,8.0,129.0
Maharashtra,Thane,401601,2026-01,0.0,0.0,0.0,0.0,7.0,1.0,13.0
Maharashtra,Thane,401602,2025-03,0.0,0.0,0.0,10.0,548.0,49.0,840.0
Maharashtra,Thane,401602,2025-05,0.0,0.0,0.0,0.0,0.0,215.0,2207.0
Maharashtra,Thane,401602,2025-06,7.0,19.0,0.0,0.0,0.0,54.0,911.0
Maharashtra,Thane,401602,2025-07,0.0,0.0,0.0,0.0,0.0,59.0,1078.0
Maharashtra,Thane,401602,2025-08,0.0,0.0,0.0,0.0,0.0,34.0,735.0
Maharashtra,Thane,401602,2025-09,57.0,60.0,1.0,9.0,596.0,138.0,1584.0
Maharashtra,Thane,401602,2025-10,16.0,13.0,0.0,7.0,442.0,61.0,1257.0
Maharashtra,Thane,401602,2025-11,24.0,19.0,0.0,1.0,1525.0,61.0,1703.0
Maharashtra,Thane,401602,2025-12,13.0,6.0,0.0,6.0,997.0,52.0,1433.0
Maharashtra,Thane,401602,2026-01,3.0,2.0,0.0,0.0,32.0,7.0,113.0
Maharashtra,Thane,401603,2025-05,0.0,0.0,0.0,0.0,0.0,2.0,154.0
Maharashtra,Thane,401603,2025-06,8.0,4.0,1.0,0.0,0.0,1.0,139.0
Maharashtra,Thane,401603,2025-07,0.0,0.0,0.0,0.0,0.0,0.0,232.0
Maharashtra,Thane,401603,2025-08,0.0,0.0,0.0,0.0,0.0,3.0,312.0
Maharashtra,Thane,401603,2025-09,20.0,14.0,0.0,5.0,233.0,19.0,419.0
Maharashtra,Thane,401603,2025-10,14.0,7.0,0.0,3.0,1299.0,3.0,664.0
Maharashtra,Thane,401603,2025-11,26.0,11.0,0.0,0.0,6025.0,13.0,1175.0
Maharashtra,Thane,401603,2025-12,18.0,10.0,0.0,0.0,1004.0,6.0,615.0
Maharashtra,Thane,401603,2026-01,4.0,5.0,0.0,0.0,22.0,1.0,28.0
Maharashtra,Thane,401604,2025-05,0.0,0.0,0.0,0.0,0.0,4.0,38.0
Maharashtra,Thane,401604,2025-06,3.0,5.0,0.0,0.0,0.0,60.0,435.0
Maharashtra,Thane,401604,2025-07,0.0,0.0,0.0,0.0,0.0,6.0,120.0
Maharashtra,Thane,401604,2025-08,0.0,0.0,0.0,0.0,0.0,16.0,273.0
Maharashtra,Thane,401604,2025-09,22.0,31.0,1.0,1.0,236.0,29.0,185.0
Maharashtra,Thane,401604,2025-10,12.0,11.0,0.0,5.0,973.0,27.0,637.0
Maharashtra,Thane,401604,2025-11,30.0,15.0,0.0,3.0,2387.0,34.0,757.0
Maharashtra,Thane,401604,2025-12,16.0,1.0,0.0,2.0,589.0,25.0,451.0
Maharashtra,Thane,401604,2026-01,11.0,6.0,0.0,2.0,26.0,1.0,47.0
Maharashtra,Thane,401605,2025-05,0.0,0.0,0.0,0.0,0.0,3.0,148.0
Maharashtra,Thane,401605,2025-06,1.0,1.0,0.0,0.0,0.0,14.0,338.0
Maharashtra,Thane,401605,2025-07,0.0,0.0,0.0,0.0,0.0,6.0,170.0
Maharashtra,Thane,401605,2025-08,0.0,0.0,0.0,0.0,0.0,2.0,117.0
Maharashtra,Thane,401605,2025-09,13.0,9.0,0.0,12.0,209.0,22.0,210.0
Maharashtra,Thane,401605,2025-10,1.0,1.0,0.0,5.0,609.0,10.0,251.0
Maharashtra,Thane,401605,2025-11,12.0,3.0,0.0,0.0,1913.0,0.0,329.0
Maharashtra,Thane,401605,2025-12,4.0,0.0,0.0,2.0,834.0,6.0,260.0
Maharashtra,Thane,401605,2026-01,0.0,0.0,0.0,0.0,63.0,4.0,27.0
Maharashtra,Thane,401606,2025-03,0.0,0.0,0.0,0.0,0.0,38.0,453.0
Maharashtra,Thane,401606,2025-04,0.0,0.0,0.0,0.0,0.0,56.0,686.0
Maharashtra,Thane,401606,2025-05,0.0,0.0,0.0,0.0,0.0,82.0,825.0
Maharashtra,Thane,401606,2025-06,9.0,18.0,0.0,0.0,0.0,33.0,528.0
Maharashtra,Thane,401606,2025-07,0.0,0.0,0.0,0.0,0.0,54.0,726.0
Maharashtra,Thane,401606,2025-08,0.0,0.0,0.0,0.0,0.0,31.0,557.0
Maharashtra,Thane,401606,2025-09,34.0,27.0,3.0,4.0,330.0,69.0,524.0
Maharashtra,Thane,401606,2025-10,13.0,3.0,0.0,1.0,359.0,38.0,335.0
Maharashtra,Thane,401606,2025-11,13.0,10.0,0.0,5.0,686.0,34.0,527.0
Maharashtra,Thane,401606,2025-12,9.0,7.0,0.0,9.0,478.0,50.0,650.0
Maharashtra,Thane,401606,2026-01,0.0,2.0,0.0,1.0,24.0,12.0,66.0
Maharashtra,Thane,401607,2025-03,0.0,0.0,0.0,0.0,0.0,22.0,608.0
Maharashtra,Thane,401607,2025-05,0.0,0.0,0.0,0.0,0.0,13.0,278.0
Maharashtra,Thane,401607,2025-06,2.0,13.0,0.0,0.0,0.0,69.0,988.0
Maharashtra,Thane,401607,2025-07,0.0,0.0,0.0,0.0,0.0,12.0,291.0
Maharashtra,Thane,401607,2025-08,0.0,0.0,0.0,0.0,0.0,25.0,475.0
Maharashtra,Thane,401607,2025-09,14.0,19.0,0.0,2.0,118.0,63.0,506.0
Maharashtra,Thane,401607,2025-10,7.0,6.0,0.0,1.0,443.0,27.0,634.0
Maharashtra,Thane,401607,2025-11,10.0,4.0,0.0,7.0,657.0,24.0,589.0
Maharashtra,Thane,401607,2025-12,1.0,2.0,0.0,4.0,355.0,13.0,528.0
Maharashtra,Thane,401607,2026-01,1.0,1.0,0.0,0.0,18.0,2.0,20.0
Maharashtra,Thane,401608,2025-05,0.0,0.0,0.0,0.0,0.0,0.0,2.0
Maharashtra,Thane,401608,2025-07,0.0,0.0,0.0,0.0,0.0,0.0,1.0
Maharashtra,Thane,401608,2025-08,0.0,0.0,0.0,0.0,0.0,0.0,4.0
Maharashtra,Thane,401608,2025-09,0.0,0.0,0.0,0.0,0.0,0.0,2.0
Maharashtra,Thane,401608,2025-10,0.0,0.0,0.0,0.0,0.0,0.0,7.0
Maharashtra,Thane,401608,2025-11,0.0,0.0,0.0,0.0,5.0,0.0,3.0
Maharashtra,Thane,401608,2025-12,0.0,0.0,0.0,0.0,2.0,0.0,3.0
Maharashtra,Thane,401609,2025-06,0.0,0.0,0.0,0.0,0.0,0.0,2.0
Maharashtra,Thane,401609,2025-07,0.0,0.0,0.0,0.0,0.0,0.0,1.0
Maharashtra,Thane,401609,2025-08,0.0,0.0,0.0,0.0,0.0,0.0,3.0
Maharashtra,Thane,401609,2025-09,0.0,0.0,0.0,0.0,0.0,0.0,7.0
Maharashtra,Thane,401609,2025-10,0.0,0.0,0.0,0.0,6.0,0.0,10.0
Maharashtra,Thane,401609,2025-11,0.0,0.0,0.0,0.0,4.0,0.0,6.0
Maharashtra,Thane,401610,2025-05,0.0,0.0,0.0,0.0,0.0,4.0,37.0
Maharashtra,Thane,401610,2025-06,0.0,3.0,0.0,0.0,0.0,6.0,95.0
Maharashtra,Thane,401610,2025-07,0.0,0.0,0.0,0.0,0.0,0.0,133.0
Maharashtra,Thane,401610,2025-08,0.0,0.0,0.0,0.0,0.0,2.0,86.0
Maharashtra,Thane,401610,2025-09,3.0,1.0,2.0,0.0,54.0,2.0,43.0
Maharashtra,Thane,401610,2025-10,9.0,2.0,0.0,0.0,38.0,5.0,87.0
Maharashtra,Thane,401610,2025-11,1.0,2.0,0.0,0.0,133.0,13.0,114.0
Maharashtra,Thane,401610,2025-12,4.0,0.0,0.0,0.0,106.0,4.0,118.0
Maharashtra,Thane,401610,2026-01,1.0,0.0,0.0,0.0,2.0,1.0,2.0
Maharashtra,Thane,401701,2025-05,0.0,0.0,0.0,0.0,0.0,0.0,8.0
Maharashtra,Thane,401701,2025-06,1.0,0.0,0.0,0.0,0.0,1.0,32.0
Maharashtra,Thane,401701,2025-07,0.0,0.0,0.0,0.0,0.0,0.0,34.0
Maharashtra,Thane,401701,2025-08,0.0,0.0,0.0,0.0,0.0,0.0,36.0
Maharashtra,Thane,401701,2025-09,0.0,0.0,0.0,0.0,17.0,2.0,23.0
Maharashtra,Thane,401701,2025-10,0.0,0.0,0.0,0.0,10.0,0.0,22.0
Maharashtra,Thane,401701,2025-11,0.0,0.0,0.0,0.0,21.0,1.0,25.0
Maharashtra,Thane,401701,2025-12,0.0,0.0,0.0,0.0,13.0,2.0,14.0
Maharashtra,Thane,401701,2026-01,0.0,0.0,0.0,0.0,0.0,0.0,2.0
Maharashtra,Thane,401702,2025-05,0.0,0.0,0.0,0.0,0.0,0.0,21.0
Maharashtra,Thane,401702,2025-06,0.0,0.0,0.0,0.0,0.0,0.0,64.0
Maharashtra,Thane,401702,2025-07,0.0,0.0,0.0,0.0,0.0,1.0,90.0
Maharashtra,Thane,401702,2025-08,0.0,0.0,0.0,0.0,0.0,0.0,49.0
Maharashtra,Thane,401702,2025-09,1.0,0.0,0.0,0.0,29.0,3.0,50.0
Maharashtra,Thane,401702,2025-10,0.0,0.0,0.0,0.0,21.0,0.0,26.0
Maharashtra,Thane,401702,2025-11,1.0,0.0,0.0,0.0,79.0,1.0,85.0
Maharashtra,Thane,401702,2025-12,0.0,0.0,0.0,0.0,89.0,0.0,67.0
Maharashtra,Thane,401702,2026-01,0.0,0.0,0.0,0.0,2.0,0.0,5.0
Maharashtra,Thane,401703,2025-05,0.0,0.0,0.0,0.0,0.0,2.0,12.0
Maharashtra,Thane,401703,2025-06,0.0,0.0,0.0,0.0,0.0,0.0,21.0
Maharashtra,Thane,401703,2025-07,0.0,0.0,0.0,0.0,0.0,0.0,22.0
Maharashtra,Thane,401703,2025-08,0.0,0.0,0.0,0.0,0.0,3.0,31.0
Maharashtra,Thane,401703,2025-09,0.0,0.0,0.0,0.0,14.0,2.0,36.0
Maharashtra,Thane,401703,2025-10,0.0,0.0,0.0,0.0,3.0,0.0,23.0
Maharashtra,Thane,401703,2025-11,0.0,0.0,0.0,0.0,52.0,0.0,48.0
Maharashtra,Thane,401703,2025-12,2.0,0.0,0.0,0.0,57.0,0.0,53.0
Maharashtra,Thane,401703,2026-01,0.0,0.0,0.0,0.0,1.0,0.0,4.0
Maharashtra,Thane,421001,2025-03,0.0,0.0,0.0,45.0,467.0,116.0,455.0
Maharashtra,Thane,421001,2025-05,0.0,0.0,0.0,0.0,0.0,324.0,739.0
Maharashtra,Thane,421001,2025-06,22.0,12.0,2.0,0.0,0.0,183.0,513.0
Maharashtra,Thane,421001,2025-07,0.0,0.0,0.0,0.0,0.0,103.0,373.0
Maharashtra,Thane,421001,2025-08,0.0,0.0,0.0,0.0,0.0,125.0,392.0
Maharashtra,Thane,421001,2025-09,59.0,42.0,0.0,38.0,428.0,532.0,715.0
Maharashtra,Thane,421001,2025-10,22.0,8.0,3.0,13.0,272.0,236.0,569.0
Maharashtra,Thane,421001,2025-11,48.0,24.0,1.0,46.0,1217.0,483.0,1162.0
Maharashtra,Thane,421001,2025-12,42.0,7.0,1.0,61.0,757.0,544.0,1049.0
Maharashtra,Thane,421001,2026-01,9.0,8.0,0.0,1.0,64.0,31.0,138.0
Maharashtra,Thane,421002,2025-03,0.0,0.0,0.0,65.0,929.0,241.0,767.0
Maharashtra,Thane,421002,2025-04,0.0,0.0,0.0,0.0,0.0,303.0,735.0
Maharashtra,Thane,421002,2025-05,0.0,0.0,0.0,0.0,0.0,175.0,350.0
Maharashtra,Thane,421002,2025-06,28.0,47.0,1.0,0.0,0.0,299.0,788.0
Maharashtra,Thane,421002,2025-07,0.0,0.0,0.0,0.0,0.0,306.0,966.0
Maharashtra,Thane,421002,2025-08,0.0,0.0,0.0,0.0,0.0,168.0,537.0
Maharashtra,Thane,421002,2025-09,192.0,76.0,0.0,82.0,708.0,740.0,980.0
Maharashtra,Thane,421002,2025-10,55.0,30.0,4.0,36.0,656.0,516.0,1228.0
Maharashtra,Thane,421002,2025-11,91.0,28.0,1.0,101.0,2791.0,1043.0,1833.0
Maharashtra,Thane,421002,2025-12,53.0,14.0,0.0,102.0,1696.0,713.0,1193.0
Maharashtra,Thane,421002,2026-01,23.0,7.0,0.0,11.0,107.0,95.0,198.0
Maharashtra,Thane,421003,2025-05,0.0,0.0,0.0,0.0,0.0,2.0,42.0
Maharashtra,Thane,421003,2025-06,2.0,4.0,0.0,0.0,0.0,7.0,64.0
Maharashtra,Thane,421003,2025-07,0.0,0.0,0.0,0.0,0.0,8.0,115.0
Maharashtra,Thane,421003,2025-08,0.0,0.0,0.0,0.0,0.0,5.0,51.0
Maharashtra,Thane,421003,2025-09,17.0,12.0,0.0,3.0,108.0,7.0,109.0
Maharashtra,Thane,421003,2025-10,2.0,1.0,0.0,1.0,64.0,5.0,79.0
Maharashtra,Thane,421003,2025-11,11.0,2.0,2.0,9.0,330.0,20.0,165.0
Maharashtra,Thane,421003,2025-12,2.0,1.0,0.0,7.0,220.0,25.0,126.0
Maharashtra,Thane,421003,2026-01,0.0,0.0,0.0,0.0,3.0,2.0,5.0
Maharashtra,Thane,421004,2025-03,0.0,0.0,0.0,44.0,896.0,168.0,509.0
Maharashtra,Thane,421004,2025-04,100.0,30.0,11.0,0.0,0.0,259.0,482.0
Maharashtra,Thane,421004,2025-05,0.0,0.0,0.0,0.0,0.0,455.0,849.0
Maharashtra,Thane,421004,2025-06,38.0,50.0,0.0,0.0,0.0,312.0,858.0
Maharashtra,Thane,421004,2025-07,0.0,0.0,0.0,0.0,0.0,161.0,473.0
Maharashtra,Thane,421004,2025-08,0.0,0.0,0.0,0.0,0.0,177.0,393.0
Maharashtra,Thane,421004,2025-09,117.0,37.0,1.0,64.0,571.0,445.0,768.0
Maharashtra,Thane,421004,2025-10,43.0,12.0,3.0,32.0,458.0,524.0,908.0
Maharashtra,Thane,421004,2025-11,66.0,13.0,3.0,74.0,1701.0,360.0,872.0
Maharashtra,Thane,421004,2025-12,67.0,8.0,1.0,99.0,1460.0,469.0,860.0
Maharashtra,Thane,421004,2026-01,15.0,12.0,0.0,4.0,83.0,68.0,105.0
Maharashtra,Thane,421005,2025-03,0.0,0.0,0.0,50.0,962.0,166.0,610.0
Maharashtra,Thane,421005,2025-05,0.0,0.0,0.0,0.0,0.0,84.0,181.0
Maharashtra,Thane,421005,2025-06,19.0,41.0,3.0,0.0,0.0,116.0,392.0
Maharashtra,Thane,421005,2025-07,0.0,0.0,0.0,0.0,0.0,111.0,300.0
Maharashtra,Thane,421005,2025-08,0.0,0.0,0.0,0.0,0.0,57.0,189.0
Maharashtra,Thane,421005,2025-09,65.0,25.0,1.0,26.0,351.0,298.0,573.0
Maharashtra,Thane,421005,2025-10,29.0,10.0,0.0,16.0,363.0,405.0,689.0
Maharashtra,Thane,421005,2025-11,59.0,26.0,4.0,52.0,1337.0,308.0,899.0
Maharashtra,Thane,421005,2025-12,38.0,4.0,0.0,62.0,949.0,231.0,521.0
Maharashtra,Thane,421005,2026-01,5.0,7.0,0.0,4.0,65.0,15.0,58.0
Maharashtra,Thane,421101,2025-03,0.0,0.0,0.0,19.0,192.0,123.0,147.0
Maharashtra,Thane,421101,2025-04,0.0,0.0,0.0,0.0,0.0,92.0,127.0
Maharashtra,Thane,421101,2025-05,0.0,0.0,0.0,0.0,0.0,65.0,99.0
Maharashtra,Thane,421101,2025-06,11.0,7.0,0.0,0.0,0.0,66.0,207.0
Maharashtra,Thane,421101,2025-07,0.0,0.0,0.0,0.0,0.0,64.0,165.0
Maharashtra,Thane,421101,2025-08,0.0,0.0,0.0,0.0,0.0,51.0,122.0
Maharashtra,Thane,421101,2025-09,34.0,13.0,0.0,24.0,150.0,234.0,303.0
Maharashtra,Thane,421101,2025-10,19.0,4.0,0.0,11.0,296.0,184.0,298.0
Maharashtra,Thane,421101,2025-11,36.0,5.0,1.0,25.0,632.0,380.0,297.0
Maharashtra,Thane,421101,2025-12,7.0,5.0,0.0,19.0,397.0,106.0,240.0
Maharashtra,Thane,421101,2026-01,7.0,1.0,0.0,2.0,37.0,25.0,42.0
Maharashtra,Thane,421102,2025-03,0.0,0.0,0.0,47.0,503.0,0.0,0.0
Maharashtra,Thane,421102,2025-04,0.0,0.0,0.0,0.0,0.0,216.0,712.0
Maharashtra,Thane,421102,2025-05,0.0,0.0,0.0,0.0,0.0,137.0,319.0
Maharashtra,Thane,421102,2025-06,33.0,18.0,0.0,0.0,0.0,127.0,315.0
Maharashtra,Thane,421102,2025-07,0.0,0.0,0.0,0.0,0.0,145.0,397.0
Maharashtra,Thane,421102,2025-08,0.0,0.0,0.0,0.0,0.0,127.0,286.0
Maharashtra,Thane,421102,2025-09,93.0,58.0,1.0,45.0,341.0,298.0,337.0
Maharashtra,Thane,421102,2025-10,40.0,19.0,3.0,29.0,342.0,249.0,408.0
Maharashtra,Thane,421102,2025-11,51.0,38.0,3.0,73.0,1073.0,342.0,670.0
Maharashtra,Thane,421102,2025-12,57.0,21.0,2.0,81.0,945.0,288.0,518.0
Maharashtra,Thane,421102,2026-01,10.0,6.0,0.0,1.0,44.0,34.0,48.0
Maharashtra,Thane,421103,2025-03,0.0,0.0,0.0,13.0,159.0,0.0,0.0
Maharashtra,Thane,421103,2025-04,0.0,0.0,0.0,0.0,0.0,30.0,92.0
Maharashtra,Thane,421103,2025-05,0.0,0.0,0.0,0.0,0.0,49.0,85.0
Maharashtra,Thane,421103,2025-06,9.0,2.0,0.0,0.0,0.0,31.0,55.0
Maharashtra,Thane,421103,2025-07,0.0,0.0,0.0,0.0,0.0,56.0,131.0
Maharashtra,Thane,421103,2025-08,0.0,0.0,0.0,0.0,0.0,27.0,76.0
Maharashtra,Thane,421103,2025-09,12.0,5.0,0.0,14.0,131.0,76.0,145.0
Maharashtra,Thane,421103,2025-10,8.0,0.0,0.0,8.0,95.0,70.0,146.0
Maharashtra,Thane,421103,2025-11,20.0,2.0,1.0,28.0,293.0,87.0,170.0
Maharashtra,Thane,421103,2025-12,8.0,3.0,0.0,20.0,288.0,101.0,206.0
Maharashtra,Thane,421103,2026-01,1.0,1.0,0.0,3.0,15.0,11.0,22.0
Maharashtra,Thane,421201,2025-03,0.0,0.0,0.0,157.0,1539.0,0.0,0.0
Maharashtra,Thane,421201,2025-04,0.0,0.0,0.0,0.0,0.0,461.0,1097.0
Maharashtra,Thane,421201,2025-05,0.0,0.0,0.0,0.0,0.0,1335.0,2563.0
Maharashtra,Thane,421201,2025-06,20.0,64.0,5.0,0.0,0.0,404.0,1028.0
Maharashtra,Thane,421201,2025-07,0.0,0.0,0.0,0.0,0.0,692.0,1513.0
Maharashtra,Thane,421201,2025-08,0.0,0.0,0.0,0.0,0.0,379.0,1281.0
Maharashtra,Thane,421201,2025-09,214.0,141.0,2.0,109.0,1126.0,932.0,1270.0
Maharashtra,Thane,421201,2025-10,83.0,41.0,2.0,71.0,772.0,497.0,1322.0
Maharashtra,Thane,421201,2025-11,122.0,31.0,2.0,121.0,2028.0,614.0,1836.0
Maharashtra,Thane,421201,2025-12,94.0,21.0,0.0,196.0,2345.0,813.0,1560.0
Maharashtra,Thane,421201,2026-01,35.0,22.0,2.0,16.0,200.0,130.0,247.0
Maharashtra,Thane,421202,2025-03,0.0,0.0,0.0,122.0,1393.0,0.0,0.0
Maharashtra,Thane,421202,2025-04,0.0,0.0,0.0,0.0,0.0,291.0,526.0
Maharashtra,Thane,421202,2025-05,0.0,0.0,0.0,0.0,0.0,104.0,167.0
Maharashtra,Thane,421202,2025-06,35.0,44.0,1.0,0.0,0.0,366.0,856.0
Maharashtra,Thane,421202,2025-07,0.0,0.0,0.0,0.0,0.0,433.0,1076.0
Maharashtra,Thane,421202,2025-08,0.0,0.0,0.0,0.0,0.0,375.0,820.0
Maharashtra,Thane,421202,2025-09,130.0,79.0,0.0,74.0,799.0,822.0,1167.0
Maharashtra,Thane,421202,2025-10,70.0,26.0,1.0,68.0,608.0,917.0,808.0
Maharashtra,Thane,421202,2025-11,217.0,49.0,0.0,166.0,2318.0,977.0,1604.0
Maharashtra,Thane,421202,2025-12,114.0,22.0,0.0,172.0,2088.0,611.0,1329.0
Maharashtra,Thane,421202,2026-01,34.0,4.0,2.0,11.0,144.0,100.0,125.0
Maharashtra,Thane,421203,2025-03,0.0,0.0,0.0,36.0,490.0,95.0,227.0
Maharashtra,Thane,421203,2025-04,0.0,0.0,0.0,0.0,0.0,93.0,213.0
Maharashtra,Thane,421203,2025-05,0.0,0.0,0.0,0.0,0.0,163.0,345.0
Maharashtra,Thane,421203,2025-06,6.0,12.0,0.0,0.0,0.0,61.0,201.0
Maharashtra,Thane,421203,2025-07,0.0,0.0,0.0,0.0,0.0,74.0,168.0
Maharashtra,Thane,421203,2025-08,0.0,0.0,0.0,0.0,0.0,107.0,315.0
Maharashtra,Thane,421203,2025-09,94.0,62.0,4.0,51.0,343.0,375.0,488.0
Maharashtra,Thane,421203,2025-10,25.0,14.0,1.0,19.0,225.0,191.0,350.0
Maharashtra,Thane,421203,2025-11,38.0,24.0,0.0,47.0,663.0,134.0,415.0
Maharashtra,Thane,421203,2025-12,53.0,14.0,0.0,50.0,577.0,223.0,420.0
Maharashtra,Thane,421203,2026-01,9.0,3.0,0.0,7.0,22.0,13.0,28.0
Maharashtra,Thane,421204,2025-03,0.0,0.0,0.0,124.0,1354.0,229.0,692.0
Maharashtra,Thane,421204,2025-04,0.0,0.0,0.0,110.0,1199.0,280.0,668.0
Maharashtra,Thane,421204,2025-05,0.0,0.0,0.0,262.0,2600.0,761.0,1494.0
Maharashtra,Thane,421204,2025-06,26.0,49.0,0.0,0.0,0.0,334.0,797.0
Maharashtra,Thane,421204,2025-07,0.0,0.0,0.0,362.0,3102.0,294.0,702.0
Maharashtra,Thane,421204,2025-08,0.0,0.0,0.0,0.0,0.0,268.0,731.0
Maharashtra,Thane,421204,2025-09,157.0,95.0,2.0,103.0,1149.0,787.0,1234.0
Maharashtra,Thane,421204,2025-10,87.0,30.0,0.0,72.0,770.0,753.0,1260.0
Maharashtra,Thane,421204,2025-11,178.0,61.0,1.0,258.0,2349.0,625.0,1479.0
Maharashtra,Thane,421204,2025-12,142.0,38.0,0.0,282.0,2528.0,644.0,1309.0
Maharashtra,Thane,421204,2026-01,28.0,28.0,1.0,42.0,183.0,68.0,200.0
Maharashtra,Thane,421301,2025-03,0.0,0.0,0.0,263.0,3198.0,835.0,2076.0
Maharashtra,Thane,421301,2025-04,720.0,248.0,24.0,602.0,4980.0,2312.0,4612.0
Maharashtra,Thane,421301,2025-05,0.0,0.0,0.0,372.0,2336.0,2083.0,3470.0
Maharashtra,Thane,421301,2025-06,134.0,131.0,3.0,376.0,2452.0,1248.0,2557.0
Maharashtra,Thane,421301,2025-07,678.0,338.0,10.0,369.0,3152.0,1351.0,3208.0
Maharashtra,Thane,421301,2025-08,0.0,0.0,0.0,0.0,0.0,818.0,1882.0
Maharashtra,Thane,421301,2025-09,467.0,224.0,4.0,282.0,2194.0,2447.0,2459.0
Maharashtra,Thane,421301,2025-10,293.0,82.0,0.0,195.0,2839.0,3513.0,4517.0
Maharashtra,Thane,421301,2025-11,452.0,140.0,9.0,463.0,7533.0,3272.0,4553.0
Maharashtra,Thane,421301,2025-12,442.0,59.0,6.0,492.0,6532.0,3170.0,4733.0
Maharashtra,Thane,421301,2026-01,117.0,46.0,3.0,30.0,392.0,395.0,637.0
Maharashtra,Thane,421302,2025-03,0.0,0.0,0.0,392.0,4257.0,0.0,0.0
Maharashtra,Thane,421302,2025-04,545.0,186.0,17.0,325.0,3750.0,1225.0,2733.0
Maharashtra,Thane,421302,2025-05,547.0,265.0,20.0,455.0,4290.0,2313.0,4726.0
Maharashtra,Thane,421302,2025-06,737.0,729.0,16.0,466.0,4127.0,1310.0,3127.0
Maharashtra,Thane,421302,2025-07,2618.0,1810.0,48.0,1186.0,11276.0,1672.0,4599.0
Maharashtra,Thane,421302,2025-08,0.0,0.0,0.0,0.0,0.0,2012.0,4755.0
Maharashtra,Thane,421302,2025-09,1059.0,467.0,20.0,437.0,3858.0,3661.0,4400.0
Maharashtra,Thane,421302,2025-10,477.0,155.0,12.0,303.0,5183.0,4062.0,9314.0
Maharashtra,Thane,421302,2025-11,723.0,233.0,19.0,645.0,13462.0,4759.0,8703.0
Maharashtra,Thane,421302,2025-12,610.0,98.0,6.0,815.0,10593.0,3817.0,6635.0
Maharashtra,Thane,421302,2026-01,190.0,91.0,0.0,59.0,901.0,594.0,1354.0
Maharashtra,Thane,421303,2025-05,0.0,0.0,0.0,0.0,0.0,10.0,481.0
Maharashtra,Thane,421303,2025-06,10.0,6.0,1.0,0.0,0.0,7.0,208.0
Maharashtra,Thane,421303,2025-07,0.0,0.0,0.0,0.0,0.0,11.0,178.0
Maharashtra,Thane,421303,2025-08,0.0,0.0,0.0,0.0,0.0,5.0,121.0
Maharashtra,Thane,421303,2025-09,25.0,28.0,0.0,4.0,311.0,46.0,235.0
Maharashtra,Thane,421303,2025-10,11.0,2.0,0.0,4.0,580.0,18.0,296.0
Maharashtra,Thane,421303,2025-11,10.0,2.0,0.0,1.0,1729.0,27.0,338.0
Maharashtra,Thane,421303,2025-12,10.0,0.0,0.0,5.0,784.0,15.0,279.0
Maharashtra,Thane,421303,2026-01,2.0,3.0,0.0,1.0,45.0,3.0,42.0
Maharashtra,Thane,421304,2025-05,0.0,0.0,0.0,0.0,0.0,0.0,1.0
Maharashtra,Thane,421304,2025-06,1.0,0.0,0.0,0.0,0.0,0.0,11.0
Maharashtra,Thane,421304,2025-07,0.0,0.0,0.0,0.0,0.0,0.0,6.0
Maharashtra,Thane,421304,2025-08,0.0,0.0,0.0,0.0,0.0,0.0,8.0
Maharashtra,Thane,421304,2025-09,0.0,1.0,0.0,0.0,3.0,0.0,5.0
Maharashtra,Thane,421304,2025-10,0.0,0.0,0.0,0.0,1.0,0.0,13.0
Maharashtra,Thane,421304,2025-11,1.0,0.0,0.0,0.0,13.0,0.0,23.0
Maharashtra,Thane,421304,2025-12,0.0,0.0,0.0,0.0,8.0,0.0,4.0
Maharashtra,Thane,421304,2026-01,0.0,0.0,0.0,0.0,2.0,0.0,0.0
Maharashtra,Thane,421305,2025-03,0.0,0.0,0.0,81.0,827.0,206.0,516.0
Maharashtra,Thane,421305,2025-04,0.0,0.0,0.0,0.0,0.0,285.0,577.0
Maharashtra,Thane,421305,2025-05,0.0,0.0,0.0,0.0,0.0,868.0,1578.0
Maharashtra,Thane,421305,2025-06,38.0,52.0,0.0,0.0,0.0,233.0,526.0
Maharashtra,Thane,421305,2025-07,0.0,0.0,0.0,0.0,0.0,356.0,739.0
Maharashtra,Thane,421305,2025-08,0.0,0.0,0.0,0.0,0.0,289.0,642.0
Maharashtra,Thane,421305,2025-09,145.0,84.0,0.0,94.0,821.0,636.0,788.0
Maharashtra,Thane,421305,2025-10,89.0,24.0,0.0,50.0,879.0,681.0,1441.0
Maharashtra,Thane,421305,2025-11,114.0,33.0,7.0,133.0,2096.0,813.0,1394.0
Maharashtra,Thane,421305,2025-12,101.0,31.0,2.0,139.0,1971.0,1111.0,1508.0
Maharashtra,Thane,421305,2026-01,14.0,4.0,1.0,7.0,60.0,72.0,91.0
Maharashtra,Thane,421306,2025-03,0.0,0.0,0.0,242.0,2325.0,0.0,0.0
Maharashtra,Thane,421306,2025-04,440.0,196.0,22.0,0.0,0.0,1396.0,3180.0
Maharashtra,Thane,421306,2025-05,0.0,0.0,0.0,0.0,0.0,1191.0,2357.0
Maharashtra,Thane,421306,2025-06,94.0,128.0,3.0,272.0,1828.0,813.0,2331.0
Maharashtra,Thane,421306,2025-07,385.0,304.0,10.0,284.0,2101.0,578.0,1647.0
Maharashtra,Thane,421306,2025-08,0.0,0.0,0.0,0.0,0.0,560.0,1476.0
Maharashtra,Thane,421306,2025-09,370.0,213.0,4.0,287.0,1922.0,2031.0,2659.0
Maharashtra,Thane,421306,2025-10,121.0,90.0,1.0,143.0,1150.0,1072.0,1870.0
Maharashtra,Thane,421306,2025-11,250.0,129.0,4.0,390.0,4083.0,1646.0,2534.0
Maharashtra,Thane,421306,2025-12,186.0,49.0,1.0,452.0,3820.0,1352.0,2675.0
Maharashtra,Thane,421306,2026-01,30.0,27.0,0.0,20.0,185.0,95.0,207.0
Maharashtra,Thane,421308,2025-03,0.0,0.0,0.0,18.0,299.0,96.0,272.0
Maharashtra,Thane,421308,2025-05,0.0,0.0,0.0,0.0,0.0,87.0,184.0
Maharashtra,Thane,421308,2025-06,15.0,23.0,0.0,0.0,0.0,135.0,368.0
Maharashtra,Thane,421308,2025-07,0.0,0.0,0.0,0.0,0.0,163.0,394.0
Maharashtra,Thane,421308,2025-08,0.0,0.0,0.0,0.0,0.0,133.0,316.0
Maharashtra,Thane,421308,2025-09,69.0,32.0,0.0,29.0,304.0,297.0,478.0
Maharashtra,Thane,421308,2025-10,62.0,13.0,1.0,22.0,464.0,332.0,932.0
Maharashtra,Thane,421308,2025-11,51.0,14.0,5.0,31.0,1007.0,579.0,671.0
Maharashtra,Thane,421308,2025-12,43.0,7.0,0.0,45.0,725.0,279.0,472.0
Maharashtra,Thane,421308,2026-01,12.0,2.0,0.0,1.0,30.0,11.0,27.0
Maharashtra,Thane,421311,2025-03,0.0,0.0,0.0,39.0,353.0,52.0,131.0
Maharashtra,Thane,421311,2025-04,0.0,0.0,0.0,0.0,0.0,118.0,348.0
Maharashtra,Thane,421311,2025-05,0.0,0.0,0.0,0.0,0.0,315.0,406.0
Maharashtra,Thane,421311,2025-06,12.0,9.0,1.0,0.0,0.0,88.0,150.0
Maharashtra,Thane,421311,2025-07,0.0,0.0,0.0,0.0,0.0,77.0,176.0
Maharashtra,Thane,421311,2025-08,0.0,0.0,0.0,0.0,0.0,67.0,155.0
Maharashtra,Thane,421311,2025-09,54.0,30.0,6.0,27.0,250.0,391.0,360.0
Maharashtra,Thane,421311,2025-10,32.0,15.0,2.0,32.0,287.0,202.0,308.0
Maharashtra,Thane,421311,2025-11,59.0,16.0,2.0,34.0,902.0,230.0,688.0
Maharashtra,Thane,421311,2025-12,43.0,6.0,0.0,52.0,564.0,229.0,483.0
Maharashtra,Thane,421311,2026-01,5.0,4.0,0.0,9.0,41.0,30.0,65.0
Maharashtra,Thane,421312,2025-05,0.0,0.0,0.0,0.0,0.0,4.0,99.0
Maharashtra,Thane,421312,2025-06,6.0,3.0,0.0,0.0,0.0,19.0,301.0
Maharashtra,Thane,421312,2025-07,0.0,0.0,0.0,0.0,0.0,9.0,193.0
Maharashtra,Thane,421312,2025-08,0.0,0.0,0.0,0.0,0.0,6.0,120.0
Maharashtra,Thane,421312,2025-09,15.0,14.0,0.0,3.0,136.0,18.0,162.0
Maharashtra,Thane,421312,2025-10,12.0,1.0,0.0,2.0,338.0,7.0,247.0
Maharashtra,Thane,421312,2025-11,6.0,3.0,0.0,0.0,805.0,15.0,321.0
Maharashtra,Thane,421312,2025-12,6.0,0.0,0.0,1.0,423.0,13.0,198.0
Maharashtra,Thane,421312,2026-01,2.0,4.0,0.0,0.0,20.0,6.0,34.0
Maharashtra,Thane,421401,2025-03,0.0,0.0,0.0,53.0,990.0,0.0,0.0
Maharashtra,Thane,421401,2025-04,0.0,0.0,0.0,0.0,0.0,294.0,670.0
Maharashtra,Thane,421401,2025-05,0.0,0.0,0.0,0.0,0.0,340.0,793.0
Maharashtra,Thane,421401,2025-06,77.0,42.0,2.0,0.0,0.0,319.0,736.0
Maharashtra,Thane,421401,2025-07,0.0,0.0,0.0,0.0,0.0,297.0,637.0
Maharashtra,Thane,421401,2025-08,0.0,0.0,0.0,0.0,0.0,198.0,424.0
Maharashtra,Thane,421401,2025-09,130.0,50.0,0.0,52.0,863.0,829.0,675.0
Maharashtra,Thane,421401,2025-10,63.0,15.0,0.0,40.0,2957.0,637.0,852.0
Maharashtra,Thane,421401,2025-11,72.0,14.0,0.0,85.0,7004.0,764.0,849.0
Maharashtra,Thane,421401,2025-12,74.0,11.0,5.0,93.0,2410.0,639.0,1155.0
Maharashtra,Thane,421401,2026-01,22.0,11.0,0.0,1.0,76.0,30.0,43.0
Maharashtra,Thane,421402,2025-03,0.0,0.0,0.0,24.0,556.0,82.0,224.0
Maharashtra,Thane,421402,2025-05,0.0,0.0,0.0,0.0,0.0,137.0,325.0
Maharashtra,Thane,421402,2025-06,22.0,28.0,0.0,0.0,0.0,260.0,425.0
Maharashtra,Thane,421402,2025-07,0.0,0.0,0.0,0.0,0.0,119.0,216.0
Maharashtra,Thane,421402,2025-08,0.0,0.0,0.0,0.0,0.0,34.0,147.0
Maharashtra,Thane,421402,2025-09,43.0,9.0,0.0,21.0,244.0,194.0,187.0
Maharashtra,Thane,421402,2025-10,15.0,10.0,0.0,8.0,904.0,127.0,334.0
Maharashtra,Thane,421402,2025-11,23.0,13.0,0.0,24.0,2875.0,245.0,315.0
Maharashtra,Thane,421402,2025-12,26.0,4.0,2.0,5.0,697.0,127.0,260.0
Maharashtra,Thane,421402,2026-01,4.0,2.0,0.0,0.0,35.0,11.0,21.0
Maharashtra,Thane,421403,2025-03,0.0,0.0,0.0,10.0,256.0,91.0,137.0
Maharashtra,Thane,421403,2025-04,0.0,0.0,0.0,0.0,0.0,44.0,82.0
Maharashtra,Thane,421403,2025-05,0.0,0.0,0.0,0.0,0.0,56.0,90.0
Maharashtra,Thane,421403,2025-06,28.0,15.0,0.0,0.0,0.0,247.0,289.0
Maharashtra,Thane,421403,2025-07,0.0,0.0,0.0,0.0,0.0,146.0,182.0
Maharashtra,Thane,421403,2025-08,0.0,0.0,0.0,0.0,0.0,63.0,172.0
Maharashtra,Thane,421403,2025-09,49.0,14.0,0.0,27.0,218.0,216.0,159.0
Maharashtra,Thane,421403,2025-10,17.0,13.0,0.0,7.0,789.0,325.0,254.0
Maharashtra,Thane,421403,2025-11,95.0,8.0,0.0,40.0,1737.0,485.0,336.0
Maharashtra,Thane,421403,2025-12,23.0,2.0,0.0,26.0,689.0,133.0,222.0
Maharashtra,Thane,421403,2026-01,8.0,3.0,0.0,0.0,33.0,13.0,21.0
Maharashtra,Thane,421501,2025-03,0.0,0.0,0.0,79.0,1439.0,265.0,731.0
Maharashtra,Thane,421501,2025-04,146.0,46.0,15.0,0.0,0.0,311.0,688.0
Maharashtra,Thane,421501,2025-05,0.0,0.0,0.0,0.0,0.0,464.0,802.0
Maharashtra,Thane,421501,2025-06,200.0,147.0,44.0,0.0,0.0,221.0,487.0
Maharashtra,Thane,421501,2025-07,181.0,137.0,36.0,0.0,0.0,285.0,616.0
Maharashtra,Thane,421501,2025-08,0.0,0.0,0.0,0.0,0.0,399.0,733.0
Maharashtra,Thane,421501,2025-09,169.0,83.0,2.0,144.0,1117.0,571.0,891.0
Maharashtra,Thane,421501,2025-10,115.0,33.0,1.0,61.0,892.0,658.0,1321.0
Maharashtra,Thane,421501,2025-11,142.0,56.0,7.0,111.0,2256.0,889.0,1452.0
Maharashtra,Thane,421501,2025-12,101.0,26.0,3.0,177.0,2020.0,626.0,1000.0
Maharashtra,Thane,421501,2026-01,33.0,12.0,0.0,11.0,131.0,88.0,123.0
Maharashtra,Thane,421502,2025-03,0.0,0.0,0.0,0.0,0.0,25.0,63.0
Maharashtra,Thane,421502,2025-04,0.0,0.0,0.0,0.0,0.0,29.0,62.0
Maharashtra,Thane,421502,2025-05,0.0,0.0,0.0,0.0,0.0,20.0,20.0
Maharashtra,Thane,421502,2025-06,0.0,0.0,0.0,0.0,0.0,18.0,37.0
Maharashtra,Thane,421502,2025-07,0.0,0.0,0.0,0.0,0.0,28.0,68.0
Maharashtra,Thane,421502,2025-08,0.0,0.0,0.0,0.0,0.0,11.0,32.0
Maharashtra,Thane,421502,2025-09,6.0,3.0,0.0,7.0,57.0,42.0,77.0
Maharashtra,Thane,421502,2025-10,8.0,0.0,0.0,3.0,51.0,58.0,115.0
Maharashtra,Thane,421502,2025-11,5.0,5.0,0.0,6.0,141.0,80.0,112.0
Maharashtra,Thane,421502,2025-12,7.0,0.0,0.0,9.0,144.0,64.0,152.0
Maharashtra,Thane,421502,2026-01,4.0,0.0,0.0,3.0,6.0,7.0,10.0
Maharashtra,Thane,421503,2025-03,19.0,13.0,15.0,136.0,1941.0,403.0,1227.0
Maharashtra,Thane,421503,2025-04,226.0,62.0,23.0,0.0,0.0,568.0,1148.0
Maharashtra,Thane,421503,2025-05,318.0,190.0,38.0,374.0,2718.0,1601.0,2717.0
Maharashtra,Thane,421503,2025-06,648.0,433.0,56.0,0.0,0.0,528.0,1224.0
Maharashtra,Thane,421503,2025-07,361.0,322.0,27.0,0.0,0.0,625.0,1440.0
Maharashtra,Thane,421503,2025-08,0.0,0.0,0.0,0.0,0.0,526.0,1290.0
Maharashtra,Thane,421503,2025-09,249.0,200.0,0.0,160.0,1357.0,1292.0,1742.0
Maharashtra,Thane,421503,2025-10,156.0,71.0,0.0,114.0,1684.0,1554.0,2358.0
Maharashtra,Thane,421503,2025-11,215.0,146.0,0.0,286.0,4641.0,1914.0,2547.0
Maharashtra,Thane,421503,2025-12,205.0,62.0,4.0,286.0,3275.0,995.0,2016.0
Maharashtra,Thane,421503,2026-01,66.0,19.0,4.0,22.0,166.0,142.0,191.0
Maharashtra,Thane,421505,2025-03,0.0,0.0,0.0,42.0,470.0,0.0,0.0
Maharashtra,Thane,421505,2025-04,0.0,0.0,0.0,0.0,0.0,276.0,556.0
Maharashtra,Thane,421505,2025-05,0.0,0.0,0.0,0.0,0.0,223.0,313.0
Maharashtra,Thane,421505,2025-06,14.0,15.0,0.0,0.0,0.0,176.0,214.0
Maharashtra,Thane,421505,2025-07,0.0,0.0,0.0,0.0,0.0,181.0,337.0
Maharashtra,Thane,421505,2025-08,0.0,0.0,0.0,0.0,0.0,102.0,190.0
Maharashtra,Thane,421505,2025-09,26.0,16.0,0.0,42.0,271.0,163.0,155.0
Maharashtra,Thane,421505,2025-10,46.0,7.0,1.0,25.0,271.0,252.0,457.0
Maharashtra,Thane,421505,2025-11,45.0,19.0,0.0,66.0,786.0,519.0,580.0
Maharashtra,Thane,421505,2025-12,22.0,1.0,0.0,42.0,690.0,282.0,345.0
Maharashtra,Thane,421505,2026-01,12.0,4.0,0.0,5.0,56.0,80.0,62.0
Maharashtra,Thane,421506,2025-03,0.0,0.0,0.0,10.0,76.0,0.0,0.0
Maharashtra,Thane,421506,2025-05,0.0,0.0,0.0,0.0,0.0,27.0,34.0
Maharashtra,Thane,421506,2025-06,2.0,0.0,1.0,0.0,0.0,21.0,74.0
Maharashtra,Thane,421506,2025-07,0.0,0.0,0.0,0.0,0.0,14.0,42.0
Maharashtra,Thane,421506,2025-08,0.0,0.0,0.0,0.0,0.0,8.0,32.0
Maharashtra,Thane,421506,2025-09,12.0,5.0,0.0,6.0,70.0,31.0,55.0
Maharashtra,Thane,421506,2025-10,3.0,1.0,1.0,5.0,22.0,22.0,60.0
Maharashtra,Thane,421506,2025-11,11.0,3.0,0.0,1.0,137.0,61.0,61.0
Maharashtra,Thane,421506,2025-12,2.0,1.0,0.0,6.0,115.0,39.0,47.0
Maharashtra,Thane,421506,2026-01,0.0,0.0,0.0,0.0,2.0,5.0,5.0
Maharashtra,Thane,421601,2025-03,0.0,0.0,0.0,55.0,1028.0,316.0,441.0
Maharashtra,Thane,421601,2025-04,0.0,0.0,0.0,0.0,0.0,464.0,644.0
Maharashtra,Thane,421601,2025-05,0.0,0.0,0.0,0.0,0.0,140.0,197.0
Maharashtra,Thane,421601,2025-06,64.0,56.0,3.0,0.0,0.0,589.0,930.0
Maharashtra,Thane,421601,2025-07,0.0,0.0,0.0,0.0,0.0,704.0,919.0
Maharashtra,Thane,421601,2025-08,0.0,0.0,0.0,0.0,0.0,191.0,334.0
Maharashtra,Thane,421601,2025-09,314.0,78.0,4.0,80.0,790.0,923.0,770.0
Maharashtra,Thane,421601,2025-10,79.0,21.0,0.0,67.0,1747.0,688.0,895.0
Maharashtra,Thane,421601,2025-11,130.0,19.0,2.0,89.0,5565.0,1382.0,1063.0
Maharashtra,Thane,421601,2025-12,96.0,10.0,0.0,159.0,2607.0,564.0,759.0
Maharashtra,Thane,421601,2026-01,33.0,4.0,0.0,10.0,117.0,81.0,68.0
Maharashtra,Thane,421602,2025-03,0.0,0.0,0.0,0.0,0.0,162.0,474.0
Maharashtra,Thane,421602,2025-04,0.0,0.0,0.0,0.0,0.0,97.0,200.0
Maharashtra,Thane,421602,2025-05,0.0,0.0,0.0,0.0,0.0,263.0,418.0
Maharashtra,Thane,421602,2025-06,16.0,27.0,0.0,0.0,0.0,451.0,681.0
Maharashtra,Thane,421602,2025-07,0.0,0.0,0.0,0.0,0.0,311.0,510.0
Maharashtra,Thane,421602,2025-08,0.0,0.0,0.0,0.0,0.0,164.0,445.0
Maharashtra,Thane,421602,2025-09,83.0,60.0,1.0,23.0,194.0,667.0,537.0
Maharashtra,Thane,421602,2025-10,24.0,18.0,0.0,16.0,424.0,253.0,837.0
Maharashtra,Thane,421602,2025-11,70.0,23.0,0.0,17.0,1503.0,238.0,914.0
Maharashtra,Thane,421602,2025-12,57.0,7.0,0.0,20.0,724.0,157.0,598.0
Maharashtra,Thane,421602,2026-01,19.0,16.0,0.0,2.0,34.0,18.0,36.0
Maharashtra,Thane,421603,2025-03,0.0,0.0,0.0,0.0,0.0,62.0,58.0
Maharashtra,Thane,421603,2025-04,0.0,0.0,0.0,0.0,0.0,12.0,23.0
Maharashtra,Thane,421603,2025-05,0.0,0.0,0.0,0.0,0.0,14.0,32.0
Maharashtra,Thane,421603,2025-06,5.0,10.0,0.0,0.0,0.0,63.0,132.0
Maharashtra,Thane,421603,2025-07,0.0,0.0,0.0,0.0,0.0,33.0,38.0
Maharashtra,Thane,421603,2025-08,0.0,0.0,0.0,0.0,0.0,12.0,31.0
Maharashtra,Thane,421603,2025-09,12.0,10.0,0.0,1.0,51.0,49.0,65.0
Maharashtra,Thane,421603,2025-10,3.0,3.0,0.0,3.0,89.0,37.0,83.0
Maharashtra,Thane,421603,2025-11,8.0,0.0,0.0,3.0,305.0,57.0,104.0
Maharashtra,Thane,421603,2025-12,9.0,0.0,0.0,7.0,130.0,27.0,49.0
Maharashtra,Thane,421603,2026-01,0.0,0.0,0.0,0.0,5.0,0.0,2.0
Maharashtra,Thane,421604,2025-05,0.0,0.0,0.0,0.0,0.0,0.0,13.0
Maharashtra,Thane,421604,2025-06,1.0,0.0,0.0,0.0,0.0,0.0,32.0
Maharashtra,Thane,421604,2025-07,0.0,0.0,0.0,0.0,0.0,0.0,46.0
Maharashtra,Thane,421604,2025-08,0.0,0.0,0.0,0.0,0.0,0.0,40.0
Maharashtra,Thane,421604,2025-09,1.0,0.0,0.0,0.0,15.0,1.0,36.0
Maharashtra,Thane,421604,2025-10,0.0,1.0,0.0,2.0,28.0,1.0,62.0
Maharashtra,Thane,421604,2025-11,1.0,0.0,0.0,0.0,98.0,0.0,82.0
Maharashtra,Thane,421604,2025-12,3.0,0.0,0.0,0.0,65.0,3.0,63.0
Maharashtra,Thane,421604,2026-01,0.0,0.0,0.0,0.0,4.0,0.0,8.0
Maharashtra,Thane,421605,2025-03,0.0,0.0,0.0,55.0,652.0,0.0,0.0
Maharashtra,Thane,421605,2025-04,0.0,0.0,0.0,0.0,0.0,117.0,211.0
Maharashtra,Thane,421605,2025-05,0.0,0.0,0.0,0.0,0.0,379.0,639.0
Maharashtra,Thane,421605,2025-06,10.0,21.0,1.0,0.0,0.0,130.0,227.0
Maharashtra,Thane,421605,2025-07,0.0,0.0,0.0,0.0,0.0,153.0,380.0
Maharashtra,Thane,421605,2025-08,0.0,0.0,0.0,0.0,0.0,150.0,226.0
Maharashtra,Thane,421605,2025-09,105.0,78.0,0.0,51.0,440.0,496.0,469.0
Maharashtra,Thane,421605,2025-10,60.0,33.0,0.0,28.0,422.0,344.0,487.0
Maharashtra,Thane,421605,2025-11,74.0,44.0,1.0,104.0,1219.0,363.0,596.0
Maharashtra,Thane,421605,2025-12,32.0,19.0,2.0,127.0,1267.0,411.0,662.0
Maharashtra,Thane,421605,2026-01,16.0,8.0,0.0,4.0,74.0,34.0,50.0
